insert into users(id, address, email, first_name, image, last_name, password, phone_number, role)
values (1, 'address', 'admin@gmail.com', 'administrator', 'https://s3.amazonaws.com/yourbucket/users/admin.png',
        'admin', '$2a$12$uxbUvdy2w/762Wan8URXpeiRfDNRxQmsCmSCuEEyJNBP.hloIomXu', '+996303333333', 'ADMIN'),
       (2, 'luksemburgskay23', 'nur@gmail.com', 'nurgazy', 'https://s3.amazonaws.com/yourbucket/users/nurgazy.png',
        'Temiraliev', '$2a$12$mWnriCsgbo8uU5gWRe2Rae1BjztzME2X643YyLslsIVfPlNZSa5K2', '+996302233333', 'USER'),
       (3, 'Bishkek', 'nurislam@gmail.com', 'Nurislam', 'https://s3.amazonaws.com/yourbucket/users/nurislam.png',
        'Toygonbaev', '$2a$12$0bfG6kKf677nSU7MxhmebOgrZ5iqt91VgavCYY.TaqMwQ1Xrf9ubO', '+996700000003', 'USER'),
       (4, 'Osh', 'zhigit@gmail.com', 'Zhigit', 'https://s3.amazonaws.com/yourbucket/users/zhigit.png', 'Turumbekov',
        '$2a$12$FFJjGku.VVoKM2KoIzcSYuCYSPNJfpjdI7LTngnYxrzRRfNGHa0mO', '+996700000004', 'USER'),
       (5, 'Tokmok', 'aiturgan@gmail.com', 'Aiturgan', 'https://s3.amazonaws.com/yourbucket/users/aiturgan.png',
        'Maksatbekkyzy', '$2a$12$RCAUiiWBEqaZIiYSfj.CkeG5MhsmaeJVWHPTS.65uJNSrN.lAH5iy', '+996700000005', 'USER'),
       (6, 'Jalal-Abad', 'nurlan@gmail.com', 'Nurlan', 'https://s3.amazonaws.com/yourbucket/users/nurlan.png',
        'Abiibillaev', '$2a$12$Kcix5.LiAzVzvQFLBJwDwOMJJT4uim8/lTG2.tJ7X2KUKWnNN4ZXe', '+996700000006', 'USER'),
       (7, 'Karakol', 'urmat@gmail.com', 'Urmat', 'https://s3.amazonaws.com/yourbucket/users/urmat.png', 'Taichikov',
        '$2a$12$X2LE7Fe.eX.EgD0VESJKPOdkUMgPr3Z36C.YpgUG1ii1ziO4FsCfS', '+996700000007', 'USER'),
       (8, 'Batken', 'sadykov@gmail.com', 'Ajybek', 'https://s3.amazonaws.com/yourbucket/users/sadykov.png', 'Sadykov',
        '$2a$12$LnhVugWJJxowZKyErfUPr.5oDogS7Jd0ayqwbXflffw/xRmciD9U6', '+996700000008', 'USER'),
       (9, 'Talas', 'nurmuhfmmed@gmail.com', 'Nurmuhfmmed', 'https://s3.amazonaws.com/yourbucket/users/nurmuhfmmed.png',
        'Medetov', '$2a$12$3qX3P4NNIjMRtGyaYbaRTuXmbWYdIpBkFFv8IgfQPyu6kGlyRvZQa', '+996700000009', 'USER'),
       (10, 'Naryn', 'nurkamil@gmail.com', 'Nurkamil', 'https://s3.amazonaws.com/yourbucket/users/nurkamil.png',
        'Kamchiev', '$2a$12$dProZkRPPMiYEePr2xtgcuL3378qwKqs/2BUyn/wlL06mG9hkJTY.', '+996700000010', 'USER'),
       (11, 'Moscow', 'arslana@gmail.com', 'Arslana', 'https://s3.amazonaws.com/yourbucket/users/arslana.png',
        'Taalaibekova',
        '$2a$12$DChD.TjlkyRQMFNayoxWVeRn9wObJxYOXxseFvsePK8G3ozd3XzSi', '+996700000011', 'USER'),
       (12, 'St. Petersburg', 'nuri@gmail.com', 'Nurzanat',
        'https://s3.amazonaws.com/yourbucket/users/nuri.png', 'Toktogulova',
        '$2a$12$fwLtGkpxhoh2rUWAMYjA2e0CQ6fKyE8XYr/v/xuB5LohmxW6pKns.', '+996700000012', 'USER'),
       (13, 'Novosibirsk', 'esentur@gmail.com', 'Esentur', 'https://s3.amazonaws.com/yourbucket/users/esentur.png',
        'Ismailov',
        '$2a$12$wxDglA3ftrlVG9GXJ7.zR.z3SF2IhNhr/D7L44S4Ic7K1HUgHcq6i', '+996700000013', 'USER'),
       (14, 'Yekaterinburg', 'sherbeck@gmail.com', 'Sherbeck', 'https://s3.amazonaws.com/yourbucket/users/sh.png',
        'Osmonaliev',
        '$2a$12$2wZbZhSqYDxa1IPZiXjQTOasP58.zBvGD43GkYj7ixn09WSK5D4fO', '+996700000014', 'USER'),
       (15, 'Kazan', 'ivan@gmail.com', 'Ivan', 'https://s3.amazonaws.com/yourbucket/users/ivan.png', 'Sokolov',
        '$2a$12$PAx8/q9m4CMbfwyAI2bRKuwS7Zqfy6x5SnVVGUcMKhrLNHzXJQylC', '+996700000015', 'USER'),
       (16, 'Chelyabinsk', 'yulia@gmail.com', 'Yulia', 'https://s3.amazonaws.com/yourbucket/users/yulia.png',
        'Lebedeva',
        '$2a$12$GBTPaiU9RplE0tUToBwFNOwl47TOOyUj46SDWYyymX8KE9rYuGMS2', '+996700000016', 'USER'),
       (17, 'Omsk', 'sergey@gmail.com', 'Sergey', 'https://s3.amazonaws.com/yourbucket/users/sergey.png', 'Morozov',
        '$2a$12$inws834iGkRnB3rFCPASdOO.WOvNLtvwZXhUSOP3rYzlHIU1Z2RJK', '+996700000017', 'USER'),
       (18, 'Samara', 'olga@gmail.com', 'Olga', 'https://s3.amazonaws.com/yourbucket/users/olga.png', 'Petrovskaya',
        '$2a$12$Khe0AvnBzgvxAQ2zLv6MMOOEbOlUiHYWrXze0YWHS3dKOsBDrc3R2', '+996700000018', 'USER'),
       (19, 'Omsk', 'nikolai@gmail.com', 'Nikolai', 'https://s3.amazonaws.com/yourbucket/users/nikolai.png', 'Vasiliev',
        '$2a$12$.NjlWc2mjaji1Fm5QkBe7eSsygecOoFujMcaeWRI/kAkHMUWpyFSu', '+996700000019', 'USER'),
       (20, 'Kazan', 'elena@gmail.com', 'Elena', 'https://s3.amazonaws.com/yourbucket/users/elena.png', 'Mikhailova',
        '$2a$12$RiA2t8zKsKpyescOGhZCzuUJG8Q.DLfBR5LQ9fQ/GBXd3o5YXHK3q', '+996700000020', 'USER'),
       (21, 'Chelyabinsk', 'alexei@gmail.com', 'Alexei', 'https://s3.amazonaws.com/yourbucket/users/alexei.png',
        'Romanov',
        '$2a$12$OJIm3oPeRxCI0rs1yx7u.eKgMMKepuZGR7/tUU14c1GGntiHcpLdy', '+996700000021', 'USER'),
       (22, 'Omsk', 'tatiana@gmail.com', 'Tatiana', 'https://s3.amazonaws.com/yourbucket/users/tatiana.png', 'Smirnova',
        '$2a$12$JpTYE3Wld6lOzbKw1Ap24.nG41d/CuJeAU/ylV1HFhuCg0/8Jljo6', '+996700000022', 'USER'),
       (23, 'Samara', 'maxim@gmail.com', 'Maxim', 'https://s3.amazonaws.com/yourbucket/users/maxim.png', 'Kozlov',
        '$2a$12$s7GRpjFJcKMkcXwDVELu1OZg7/Fe2NSdkVmEBaGrxWfi8WPDTaXJ6', '+996700000023', 'USER'),
       (24, 'Novosibirsk', 'irina@gmail.com', 'Irina', 'https://s3.amazonaws.com/yourbucket/users/irina.png',
        'Novikova',
        '$2a$12$FhwlfEqngSel89HywAGpBeHohsqw5.98tnvJ3XIz1ZuEa04Imrt2O', '+996700000024', 'USER'),
       (25, 'Yekaterinburg', 'vladimir@gmail.com', 'Vladimir', 'https://s3.amazonaws.com/yourbucket/users/vladimir.png',
        'Orlov',
        '$2a$12$j5JQKM6RryjmS4oVF0zv2eqD7ECqYtD2rFIaWVvf2E5Sy8.KU0q8i', '+996700000025', 'USER'),
       (26, 'Kazan', 'natalia@gmail.com', 'Natalia', 'https://s3.amazonaws.com/yourbucket/users/natalia.png',
        'Makarova',
        '$2a$12$cRf8rKJYZ2zGIEglP3Vp6eznx35rFZ6wZwpjb5RWsCZ2q4vM3ZVWy', '+996700000026', 'USER'),
       (27, 'Samara', 'pavel@gmail.com', 'Pavel', 'https://s3.amazonaws.com/yourbucket/users/pavel.png', 'Fedorov',
        '$2a$12$lIy9eEJ7MWTBgppHjDuldu/YEuixdYhT.zv3X1g7xE1WhoCKcoXYS', '+996700000027', 'USER'),
       (28, 'Omsk', 'ksenia@gmail.com', 'Ksenia', 'https://s3.amazonaws.com/yourbucket/users/ksenia.png', 'Vorobeva',
        '$2a$12$XVwIDoI8LV2B9dTEnGmgDe8NQWKUxZtObHbQCccAwyIA4QsZK2E7m', '+996700000028', 'USER'),
       (29, 'Kazan', 'andrey@gmail.com', 'Andrey', 'https://s3.amazonaws.com/yourbucket/users/andrey.png', 'Silin',
        '$2a$12$RcKQltgDvlgivxcNODxMU.rwuY4Gv6QKBdLpWuTueLQRS97/97U0y', '+996700000029', 'USER'),
       (30, 'Samara', 'ekaterina@gmail.com', 'Ekaterina', 'https://s3.amazonaws.com/yourbucket/users/ekaterina.png',
        'Kuzmina',
        '$2a$12$vMlMjydXcQ1cpI1uHbK43eF.H.ZdhK2Snl3o0txc5BnUZfR8eA8Lm', '+996700000030', 'USER'),
       (31, 'Omsk', 'mikhail@gmail.com', 'Mikhail', 'https://s3.amazonaws.com/yourbucket/users/mikhail.png', 'Soloviev',
        '$2a$12$zgvi2AwSWB3RAzgpauWf3uPUT0IoINYtzduW3gEPSD9X74Gb5/EIq', '+996700000031', 'USER'),
       (32, 'Yekaterinburg', 'anna@gmail.com', 'Anna', 'https://s3.amazonaws.com/yourbucket/users/anna.png',
        'Vinogradova',
        '$2a$12$npbvyASmz8XDnayLYpvaDutzuwPomWJXGfLaHor5FvDrVmA8Ya88i', '+996700000032', 'USER'),
       (33, 'Kazan', 'igor@gmail.com', 'Igor', 'https://s3.amazonaws.com/yourbucket/users/igor.png', 'Nikolaev',
        '$2a$12$PytNYUnemZyztSn9Ivy7ge2b15K264Vr3G4ojYtF224Ic7tSMtru6', '+996700000033', 'USER'),
       (34, 'Samara', 'svetlana@gmail.com', 'Svetlana', 'https://s3.amazonaws.com/yourbucket/users/svetlana.png',
        'Pavlova',
        '$2a$12$K0usEEpdfBXICOAJGfn.G.SPUlX7js63BIAmLAjTPbyzKfPgW.Kky', '+996700000034', 'USER'),
       (35, 'Omsk', 'oleg@gmail.com', 'Oleg', 'https://s3.amazonaws.com/yourbucket/users/oleg.png', 'Volkov',
        '$2a$12$c7pA/V9T/jlg0J2FDFy...Taav9CwhIH3wTyNHbBz.fGQybZ1AV4O', '+996700000035', 'USER'),
       (36, 'Kazan', 'marina@gmail.com', 'Marina', 'https://s3.amazonaws.com/yourbucket/users/marina.png', 'Lobanova',
        '$2a$12$taWIlfjE0pJqYz7Avya5GOhP09fzCgmv196kdNWsM.D0BNZq1rJ7.', '+996700000036', 'USER'),
       (37, 'Samara', 'kirill@gmail.com', 'Kirill', 'https://s3.amazonaws.com/yourbucket/users/kirill.png', 'Zaitsev',
        '$2a$12$Oa8QIrQVP3mLdQ8IG2VgAO9/sm/KVTmoykOvUSvdu.jeA0xubZn6.', '+996700000037', 'USER'),
       (38, 'Omsk', 'victoria@gmail.com', 'Victoria', 'https://s3.amazonaws.com/yourbucket/users/victoria.png',
        'Sorokina',
        '$2a$12$pDVPJdCIjm0eVH8j2mOBZ.4juTqwYan6pYqKZ8XN41AZiLi.52IOq', '+996700000038', 'USER'),
       (39, 'Kazan', 'boris@gmail.com', 'Boris', 'https://s3.amazonaws.com/yourbucket/users/boris.png', 'Moroz',
        '$2a$12$GAZ0kyFCV.bySuSJayS4NO8OqYR2dtFqSciBds6p2ThsdZtS8Gu8.', '+996700000039', 'USER'),
       (40, 'Samara', 'galina@gmail.com', 'Galina', 'https://s3.amazonaws.com/yourbucket/users/galina.png', 'Stepanova',
        '$2a$12$PPNrCpQ.QXcPA5iWRvoyAOuAZNg37Kd4lgReCJJuSgIK0GdQur6O6', '+996700000040', 'USER'),
       (41, 'Omsk', 'konstantin@gmail.com', 'Konstantin', 'https://s3.amazonaws.com/yourbucket/users/konstantin.png',
        'Osipov',
        '$2a$12$Ho2zL.Jk3AQBvl5WqfSEk.sBvypHdBgMC/q/tL1nzmAUyhVsyWGeC', '+996700000041', 'USER'),
       (42, 'Kazan', 'sophia@gmail.com', 'Sophia', 'https://s3.amazonaws.com/yourbucket/users/sophia.png', 'Zinovieva',
        '$2a$12$CaKTY.NQ8Nt1RpPhYif3Weh/GZNOoVfubYdORXyNYCmO7xU4PHH/K', '+996700000042', 'USER'),
       (43, 'Samara', 'denis@gmail.com', 'Denis', 'https://s3.amazonaws.com/yourbucket/users/denis.png', 'Kudryavtsev',
        '$2a$12$6JGRzRP0DVMuOPoPpI/DKe/XGTY7g0YhuaQ6r1oPeWWqU.w//btRa', '+996700000043', 'USER'),
       (44, 'Omsk', 'larisa@gmail.com', 'Larisa', 'https://s3.amazonaws.com/yourbucket/users/larisa.png', 'Pelevina',
        '$2a$12$5hxCHIQn5dXQd.qI/44QUuFhX.hfJOlwFf7IT6uKFd85eski0FBTe', '+996700000044', 'USER'),
       (45, 'Kazan', 'roman@gmail.com', 'Roman', 'https://s3.amazonaws.com/yourbucket/users/roman.png', 'Bogdanov',
        '$2a$12$lZ99UlJ5XYFZi7lzUBv5aOX.S8IXJHZ073rMRdjkla0rhBPkpoda.', '+996700000045', 'USER'),
       (46, 'Samara', 'yana@gmail.com', 'Yana', 'https://s3.amazonaws.com/yourbucket/users/yana.png', 'Efimova',
        '$2a$12$8B9hTyjvsobgLJLgggpXQe/4g9Gly9qnFQ3By0VN.LVgvHUyKclry', '+996700000046', 'USER'),
       (47, 'Omsk', 'artem@gmail.com', 'Artem', 'https://s3.amazonaws.com/yourbucket/users/artem.png', 'Zhuravlev',
        '$2a$12$27SRX6PZoHim.rFZRnqNiea5BcUXt9Li1d/Uk2H8yv4/hxn7RBNzK', '+996700000047', 'USER'),
       (48, 'Kazan', 'oksana@gmail.com', 'Oksana', 'https://s3.amazonaws.com/yourbucket/users/oksana.png', 'Belousova',
        '$2a$12$GxMECa0S6KyZOuYWR8bl2.iXs5gKVzKR4C6AfZiUBXOqLRaLxDoca', '+996700000048', 'USER'),
       (49, 'Samara', 'vitaly@gmail.com', 'Vitaly', 'https://s3.amazonaws.com/yourbucket/users/vitaly.png', 'Terekhov',
        '$2a$12$lWQcXmM59gg7Mso4.rTrDuLwmY3JMaKlscQ4vkSJOemCAUvLM7J1G', '+996700000049', 'USER'),
       (50, 'Omsk', 'alla@gmail.com', 'Alla', 'https://s3.amazonaws.com/yourbucket/users/alla.png', 'Gorbunova',
        '$2a$12$NOqZOvHMauCT/hKlhbl/buihf7ctSt/NPIITefDrWvCSAn4uGHXNC', '+996700000050', 'USER');

insert into contacts(id, firstname, lastname, email, phone_number, message)
values (1, 'Nurislam', 'Toygonbaev', 'nurislam@gmail.com', '+996701111111', 'hello'),
       (2, 'Zhigit', 'Turumbekov', 'zhigit@gmail.com', '+996702222222', 'i have things to do!'),
       (3, 'Aiturgan', 'Maksatbek kyzy', 'aiturga@gmail.com', '+996703333333', 'What''s happened?'),
       (4, 'Nurgazy', 'Temiraliev', 'nur@gmail.com', '+996709467886', 'Everything is fine'),
       (5, 'Nurlan', 'Abiibillaev', 'nurlan@gmail.com', '+996700000006', 'I liked it very much'),
       (6, 'Anastasia', 'Petrova', 'anastasia@gmail.com', '+996704444444', 'Good morning!'),
       (7, 'Dmitry', 'Kuznetsov', 'dmitry@gmail.com', '+996705555555', 'How are you doing?'),
       (8, 'Maria', 'Popova', 'maria@gmail.com', '+996706666666', 'Just checking in!'),
       (9, 'Ivan', 'Sokolov', 'ivan@gmail.com', '+996707777777', 'Hope you are well!'),
       (10, 'Yulia', 'Lebedeva', 'yulia@gmail.com', '+996708888888', 'Wishing you a great day!'),
       (11, 'Sergey', 'Morozov', 'sergey@gmail.com', '+996709999999', 'Looking forward to catching up!'),
       (12, 'Olga', 'Petrovskaya', 'olga@gmail.com', '+996700101010', 'Just saying hi!'),
       (13, 'Nikolai', 'Vasiliev', 'nikolai@gmail.com', '+996700202020', 'Have a fantastic day!'),
       (14, 'Elena', 'Mikhailova', 'elena@gmail.com', '+996700303030', 'Sending you warm wishes!'),
       (15, 'Alexei', 'Romanov', 'alexei@gmail.com', '+996700404040', 'Thinking of you!'),
       (16, 'Tatiana', 'Smirnova', 'tatiana@gmail.com', '+996700505050', 'Missing you!'),
       (17, 'Maxim', 'Kozlov', 'maxim@gmail.com', '+996700606060', 'Looking forward to our next meeting!'),
       (18, 'Irina', 'Novikova', 'irina@gmail.com', '+996700707070', 'Hope to hear from you soon!'),
       (19, 'Vladimir', 'Orlov', 'vladimir@gmail.com', '+996700808080', 'Wishing you a wonderful day!'),
       (20, 'Natalia', 'Makarova', 'natalia@gmail.com', '+996700909090', 'Just dropping a line to say hello!'),
       (21, 'Pavel', 'Fedorov', 'pavel@gmail.com', '+996701010101', 'Hope your day is going well!'),
       (22, 'Ksenia', 'Vorobeva', 'ksenia@gmail.com', '+996701111111', 'Sending positive vibes your way!'),
       (23, 'Andrey', 'Silin', 'andrey@gmail.com', '+996701212121', 'Hope you have a great week!'),
       (24, 'Ekaterina', 'Kuzmina', 'ekaterina@gmail.com', '+996701313131', 'Thinking of you today!'),
       (25, 'Mikhail', 'Soloviev', 'mikhail@gmail.com', '+996701414141', 'Wishing you all the best!'),
       (26, 'Anna', 'Vinogradova', 'anna@gmail.com', '+996701515151', 'Just wanted to say hi!'),
       (27, 'Igor', 'Nikolaev', 'igor@gmail.com', '+996701616161', 'Hope you are having a good day!'),
       (28, 'Svetlana', 'Pavlova', 'svetlana@gmail.com', '+996701717171', 'Sending you positive energy!'),
       (29, 'Oleg', 'Volkov', 'oleg@gmail.com', '+996701818181', 'Looking forward to hearing from you!'),
       (30, 'Marina', 'Lobanova', 'marina@gmail.com', '+996701919191', 'Hope to catch up soon!'),
       (31, 'Kirill', 'Zaitsev', 'kirill@gmail.com', '+996702020202', 'Just wanted to check in!'),
       (32, 'Victoria', 'Sorokina', 'victoria@gmail.com', '+996702121212', 'Sending positive vibes your way!'),
       (33, 'Boris', 'Moroz', 'boris@gmail.com', '+996702222222', 'Hope you have a fantastic day!'),
       (34, 'Galina', 'Stepanova', 'galina@gmail.com', '+996702323232', 'Wishing you success!'),
       (35, 'Konstantin', 'Osipov', 'konstantin@gmail.com', '+996702424242', 'Thinking of you!'),
       (36, 'Sophia', 'Zinovieva', 'sophia@gmail.com', '+996702525252', 'Hope your day is going well!'),
       (37, 'Denis', 'Kudryavtsev', 'denis@gmail.com', '+996702626262', 'What are your plans for today?'),
       (38, 'Larisa', 'Pelevina', 'larisa@gmail.com', '+996702727272', 'Hope you have a great day!'),
       (39, 'Roman', 'Bogdanov', 'roman@gmail.com', '+996702828282', 'Looking forward to meeting you!'),
       (40, 'Yana', 'Efimova', 'yana@gmail.com', '+996702929292', 'Hope to catch up soon!'),
       (41, 'Artem', 'Zhuravlev', 'artem@gmail.com', '+996703030303', 'Just wanted to say hi!'),
       (42, 'Oksana', 'Belousova', 'oksana@gmail.com', '+996703131313', 'Hope your day is going well!'),
       (43, 'Vitaly', 'Terekhov', 'vitaly@gmail.com', '+996703232323', 'Wishing you success!'),
       (44, 'Alla', 'Gorbunova', 'alla@gmail.com', '+996703333333', 'Hope to catch up soon!'),
       (45, 'Ruslan', 'Toktomambetov', 'nurislam@gmail.com', '+996703434343', 'Just wanted to say hi!'),
       (46, 'Tamerlan', 'Tursunaliev', 'zhigit@gmail.com', '+996703535353', 'I have things to do!'),
       (47, 'Aigul', 'Maksatbekova', 'aiturga@gmail.com', '+996703636363', 'What''s happened?'),
       (48, 'Nurlanbek', 'Temirbekov', 'nur@gmail.com', '+996703737373', 'Everything is fine'),
       (49, 'Nursultan', 'Abildaev', 'nurlan@gmail.com', '+996703838383', 'I liked it very much'),
       (50, 'Azamat', 'Abylkanov', 'nurlan@gmail.com', '+996703939393', 'I liked it very much');

insert into categories(id, category_name)
values (1, 'phone'),
       (2, 'laptop'),
       (3, 'Smart watches and bracelets'),
       (4, 'Accessories');

insert into sub_categories(category_id, id, sub_category_name)
values
    -- Для категории 'Smartphones' (Смартфоны)
    (1, 1, 'Apple'),
    (1, 2, 'Samsung'),
    (1, 3, 'Xiaomi'),
    (1, 4, 'Google'),
    (1, 5, 'OnePlus'),
    (1, 6, 'Huawei'),
    (1, 7, 'Motorola'),
    (1, 8, 'LG'),
    (1, 9, 'Sony'),
    (1, 10, 'Nokia'),
    (1, 11, 'BlackBerry'),
    -- Для категории 'Laptops and tablets' (Ноутбуки и планшеты)
    (2, 12, 'Apple'),
    (2, 13, 'Acer'),
    (2, 14, 'Lenovo'),
    (2, 15, 'Microsoft'),
    (2, 16, 'Google'),
    (2, 17, 'Asus'),
    (2, 18, 'Dell'),
    (2, 19, 'HP'),
    (2, 20, 'Samsung'),
    -- Для категории 'Smart watches and bracelets' (Умные часы и браслеты)
    (3, 21, 'Samsung'),
    (3, 22, 'Apple'),
    (3, 23, 'Xiaomi'),
    (3, 24, 'Garmin'),
    (3, 25, 'Polar'),
    (3, 26, 'TicWatch'),
    (3, 27, 'Huawei'),
    -- Для категории 'Accessories' (Аксессуары)
    (4, 28, 'Sony'),
    (4, 29, 'Apple'),
    (4, 30, 'JBL'),
    (4, 31, 'Samsung Accessories'),
    (4, 32, 'Sony Accessories'),
    (4, 33, 'LG'),
    (1, 34, 'Google Nest Hub'),
    (1, 35, 'Apple Watch Series 7'),
    (1, 36, 'Samsung Galaxy Watch 4');


insert into brands(id, brand_name, logo)
values (1, 'Apple', 'https://s3.amazonaws.com/yourbucket/brand_logos/apple_logo.png'),
       (2, 'Samsung', 'https://s3.amazonaws.com/yourbucket/brand_logos/samsung_logo.png'),
       (3, 'Xiaomi', 'https://s3.amazonaws.com/yourbucket/brand_logos/xiaomi_logo.png'),
       (4, 'Sony', 'https://s3.amazonaws.com/yourbucket/brand_logos/sony_logo.png'),
       (5, 'Huawei', 'https://s3.amazonaws.com/yourbucket/brand_logos/huawei_logo.png'),
       (6, 'Sonos', 'https://s3.amazonaws.com/yourbucket/brand_logos/sonos_logo.png'),
       (7, 'Bose', 'https://s3.amazonaws.com/yourbucket/brand_logos/bose_logo.png'),
       (8, 'UE', 'https://s3.amazonaws.com/yourbucket/brand_logos/ue_logo.png'),
       (9, 'Nikon', 'https://s3.amazonaws.com/yourbucket/brand_logos/nikon_logo.png'),
       (10, 'Fujifilm', 'https://s3.amazonaws.com/yourbucket/brand_logos/fujifilm_logo.png'),
       (12, 'HP', 'https://s3.amazonaws.com/yourbucket/brand_logos/hp_logo.png'),
       (13, 'Canon', 'https://s3.amazonaws.com/yourbucket/brand_logos/canon_logo.png'),
       (14, 'Epson', 'https://s3.amazonaws.com/yourbucket/brand_logos/epson_logo.png'),
       (15, 'Dell', 'https://s3.amazonaws.com/yourbucket/brand_logos/dell_logo.png'),
       (17, 'Acer', 'https://s3.amazonaws.com/yourbucket/brand_logos/acer_logo.png'),
       (18, 'Razer', 'https://s3.amazonaws.com/yourbucket/brand_logos/razer_logo.png'),
       (19, 'SteelSeries', 'https://s3.amazonaws.com/yourbucket/brand_logos/steelseries_logo.png'),
       (20, 'Corsair', 'https://s3.amazonaws.com/yourbucket/brand_logos/corsair_logo.png'),
       (21, 'Logitech', 'https://s3.amazonaws.com/yourbucket/brand_logos/logitech_logo.png'),
       (23, 'SteelSeries', 'https://s3.amazonaws.com/yourbucket/brand_logos/steelseries_logo.png'),
       (24, 'Logitech', 'https://s3.amazonaws.com/yourbucket/brand_logos/logitech_logo.png'),
       (26, 'Microsoft', 'https://s3.amazonaws.com/yourbucket/brand_logos/microsoft_logo.png'),
       (27, 'SanDisk', 'https://s3.amazonaws.com/yourbucket/brand_logos/sandisk_logo.png'),
       (29, 'Kingston', 'https://s3.amazonaws.com/yourbucket/brand_logos/kingston_logo.png'),
       (30, 'Seagate', 'https://s3.amazonaws.com/yourbucket/brand_logos/seagate_logo.png'),
       (31, 'Western Digital', 'https://s3.amazonaws.com/yourbucket/brand_logos/western_digital_logo.png'),
       (32, 'Toshiba', 'https://s3.amazonaws.com/yourbucket/brand_logos/toshiba_logo.png');


insert into email_addresses
values (1, 'nur@gmail.com'),
       (2, 'nurislam@gmail.com'),
       (3, 'zhigit@gmail.com'),
       (4, 'aiturgan@gmail.com'),
       (5, 'nurlan@gmail.com'),
       (6, 'urmat@gmail.com'),
       (7, 'sadykov@gmail.com'),
       (8, 'nurmuhfmmed@gmail.com'),
       (9, 'nurkamil@gmail.com'),
       (10, 'alexander@gmail.com'),
       (11, 'anastasia@gmail.com'),
       (12, 'dmitry@gmail.com'),
       (13, 'maria@gmail.com'),
       (14, 'ivan@gmail.com'),
       (15, 'yulia@gmail.com'),
       (16, 'sergey@gmail.com'),
       (17, 'olga@gmail.com'),
       (18, 'nikolai@gmail.com'),
       (19, 'elena@gmail.com'),
       (20, 'alexei@gmail.com'),
       (21, 'tatiana@gmail.com'),
       (22, 'maxim@gmail.com'),
       (23, 'irina@gmail.com'),
       (24, 'vladimir@gmail.com'),
       (25, 'natalia@gmail.com'),
       (26, 'pavel@gmail.com'),
       (27, 'ksenia@gmail.com'),
       (28, 'andrey@gmail.com'),
       (29, 'ekaterina@gmail.com'),
       (30, 'mikhail@gmail.com'),
       (31, 'anna@gmail.com'),
       (32, 'igor@gmail.com'),
       (33, 'svetlana@gmail.com'),
       (34, 'oleg@gmail.com'),
       (35, 'marina@gmail.com'),
       (36, 'kirill@gmail.com'),
       (37, 'victoria@gmail.com'),
       (38, 'boris@gmail.com'),
       (39, 'galina@gmail.com'),
       (40, 'konstantin@gmail.com'),
       (41, 'sophia@gmail.com'),
       (42, 'denis@gmail.com'),
       (43, 'larisa@gmail.com'),
       (44, 'roman@gmail.com'),
       (45, 'yana@gmail.com'),
       (46, 'artem@gmail.com'),
       (47, 'oksana@gmail.com'),
       (48, 'vitaly@gmail.com'),
       (49, 'alla@gmail.com'),
       (50, 'admin@gmail.com');

insert into gadgets(release_date, id, warranty, brand_id, sub_category_id, description, pdfurl, video_url, rating, name_of_gadget)
values ('2023-01-20', 1, 36, 1, 1,
        'Apple iPhone 13 Pro - a flagship smartphone that pushes the boundaries of innovation. With its stunning design, advanced camera system, and powerful performance, its perfect for users who demand the best. Whether youre capturing memories, staying productive, or enjoying your favorite content, the iPhone 13 Pro delivers an exceptional experience.',
        'httpsexa', 'httpsview', 4.5, 'iphone 13 pro'),
       ('2023-01-20', 2, 36, 1, 1,
        'Apple iPhone 12 Pro - a flagship smartphone that pushes the boundaries of innovation. With its stunning design, advanced camera system, and powerful performance, its perfect for users who demand the best. Whether youre capturing memories, staying productive, or enjoying your favorite content, the iPhone 13 Pro delivers an exceptional experience.',
        'httpsexa', 'httpsview', 3.5, 'iphone 12 pro'),
       ('2023-01-20', 3, 45, 1, 1,
        'Apple iPhone 13 Pro max - a flagship smartphone that pushes the boundaries of innovation. With its stunning design, advanced camera system, and powerful performance, its perfect for users who demand the best. Whether youre capturing memories, staying productive, or enjoying your favorite content, the iPhone 13 Pro delivers an exceptional experience.',
        'httpsexa', 'httpsview', 4.6, 'iphone 13 pro max'),
       ('2023-01-20', 4, 24, 1, 1,
        'Apple iPhone 12 Pro max - a flagship smartphone that pushes the boundaries of innovation. With its stunning design, advanced camera system, and powerful performance, its perfect for users who demand the best. Whether youre capturing memories, staying productive, or enjoying your favorite content, the iPhone 13 Pro delivers an exceptional experience.',
        'httpsexa', 'httpsview', 4.7, 'iphone 13 pro max'),
       ('2023-01-20', 5, 12, 1, 1,
        'Apple iPhone 14 Pro - a flagship smartphone that pushes the boundaries of innovation. With its stunning design, advanced camera system, and powerful performance, its perfect for users who demand the best. Whether youre capturing memories, staying productive, or enjoying your favorite content, the iPhone 13 Pro delivers an exceptional experience.',
        'httpsexa', 'httpsview', 4.8, 'iphone 14 pro'),
       ('2023-01-20', 6, 24, 1, 1,
        'Apple iPhone 14 Pro max - a flagship smartphone that pushes the boundaries of innovation. With its stunning design, advanced camera system, and powerful performance, its perfect for users who demand the best. Whether youre capturing memories, staying productive, or enjoying your favorite content, the iPhone 13 Pro delivers an exceptional experience.',
        'httpsexa', 'httpsview', 4.9, 'iphone 14 pro max'),
       ('2023-01-20', 7, 12, 1, 1,
        'Apple iPhone 15 Pro - a flagship smartphone that pushes the boundaries of innovation. With its stunning design, advanced camera system, and powerful performance, its perfect for users who demand the best. Whether youre capturing memories, staying productive, or enjoying your favorite content, the iPhone 13 Pro delivers an exceptional experience.',
        'httpsexa', 'httpsview', 4.4, 'iphone 15 pro'),
       ('2023-01-20', 8, 16, 1, 1,
        'Apple iPhone 15 Pro max - a flagship smartphone that pushes the boundaries of innovation. With its stunning design, advanced camera system, and powerful performance, its perfect for users who demand the best. Whether youre capturing memories, staying productive, or enjoying your favorite content, the iPhone 13 Pro delivers an exceptional experience.',
        'httpsexa', 'httpsview', 4.2, 'iphone 15 pro max'),
       ('2023-01-20', 9, 12, 1, 1,
        'Samsung galaxy S21 ultra - a flagship smartphone that pushes the boundaries of innovation. With its stunning design, advanced camera system, and powerful performance, its perfect for users who demand the best. Whether youre capturing memories, staying productive, or enjoying your favorite content, the iPhone 13 Pro delivers an exceptional experience.',
        'httpsexa', 'httpsview', 4.9, 'Samsung galaxy S21 ultra'),
       ('2023-01-20', 10, 24, 2, 2,
        'Samsung galaxy S22 ultra - a flagship smartphone that pushes the boundaries of innovation. With its stunning design, advanced camera system, and powerful performance, its perfect for users who demand the best. Whether youre capturing memories, staying productive, or enjoying your favorite content, the iPhone 13 Pro delivers an exceptional experience.',
        'httpsexa', 'httpsview', 4.2, 'Samsung galaxy S22 ultra'),
       ('2023-01-20', 11, 12, 2, 2,
        'Samsung galaxy S21 - a flagship smartphone that pushes the boundaries of innovation. With its stunning design, advanced camera system, and powerful performance, its perfect for users who demand the best. Whether youre capturing memories, staying productive, or enjoying your favorite content, the iPhone 13 Pro delivers an exceptional experience.',
        'httpsexa', 'httpsview', 4.1, 'Samsung galaxy S21'),
       ('2023-01-20', 12, 24, 2, 2,
        'Samsung galaxy S23 ultra - a flagship smartphone that pushes the boundaries of innovation. With its stunning design, advanced camera system, and powerful performance, its perfect for users who demand the best. Whether youre capturing memories, staying productive, or enjoying your favorite content, the iPhone 13 Pro delivers an exceptional experience.',
        'httpsexa', 'httpsview', 4.6, 'Samsung galaxy S23 ultra'),
       ('2023-01-20', 13, 60, 2, 2,
        'Samsung Galaxy S24 ultra - a flagship smartphone that pushes the boundaries of innovation. With its stunning design, advanced camera system, and powerful performance, its perfect for users who demand the best. Whether youre capturing memories, staying productive, or enjoying your favorite content, the iPhone 13 Pro delivers an exceptional experience.',
        'httpsexa', 'httpsview', 4.5, 'Samsung Galaxy S24 ultra'),
       ('2023-05-15', 14, 12, 12, 2,
        'Apple MacBook Pro - мощный ноутбук с высокой производительностью, красивым дизайном и долгим временем автономной работы. Идеально подходит для профессионалов в области дизайна, разработки и контент-создания.',
        'http://example.com/macbookpro_manual.pdf',
        'http://example.com/macbookpro_video', 4.8, 'MacBook Pro'),
       ('2023-05-15', 15, 15, 12, 2,
        'Apple MacBook Pro 14- мощный ноутбук с высокой производительностью, красивым дизайном и долгим временем автономной работы. Идеально подходит для профессионалов в области дизайна, разработки и контент-создания.',
        'http://example.com/macbookpro_manual.pdf',
        'http://example.com/macbookpro_video', 3.9, 'MacBook Pro 14'),
       ('2023-05-15', 16, 16, 13, 2,
        'Apple MacBook Air - мощный ноутбук с высокой производительностью, красивым дизайном и долгим временем автономной работы. Идеально подходит для профессионалов в области дизайна, разработки и контент-создания.',
        'http://example.com/macbookpro_manual.pdf',
        'http://example.com/macbookpro_video', 4.9, 'MacBook Pro Air'),
       ('2023-04-20', 17, 6, 15, 2,
        'Dell XPS 15 - стильный и мощный ноутбук с ярким дисплеем, долгим временем работы и высокой производительностью. Отличный выбор для профессионалов и творческих людей.',
        'http://example.com/xps15_manual.pdf', 'http://example.com/xps15_video',
        4.7, 'Dell XPS 15'),
       ('2023-06-10', 18, 16, 16, 2,
        'HP Spectre x360 - элегантный и многофункциональный ноутбук с поворотным экраном, который может быть использован как ноутбук или планшет. Имеет высокую производительность и стильный дизайн.',
        'http://example.com/spectre_manual.pdf', 'http://example.com/spectre_video',
        4.6, 'HP Spectre x360'),
       ('2023-08-25', 19, 17, 25, 3, 'Apple Watch Series 8 - новое поколение умных часов от Apple с улучшенными функциями отслеживания здоровья, большим дисплеем и долгим временем автономной работы. Подходят для активного образа жизни и повседневного использования.', 'http://example.com/applewatch_manual.pdf', 'http://example.com/applewatch_video', 4.9, 'Apple Watch Series 8'),
       ('2023-09-10', 20, 8, 33, 3, 'Samsung Galaxy Watch 5 - умные часы с высоким качеством постройки, многофункциональностью и продвинутыми возможностями отслеживания физической активности. Подходят как для спорта, так и для повседневного использования.', 'http://example.com/galaxywatch_manual.pdf', 'http://example.com/galaxywatch_video', 4.7, 'Samsung Galaxy Watch 5'),
       ('2023-07-15', 21, 9, 32, 3, 'Fitbit Sense 2 - умные часы с акцентом на мониторинге здоровья и фитнеса. Отслеживают сердечный ритм, уровень стресса и качество сна. Имеют длительное время работы и удобный дизайн.', 'http://example.com/fitbitsense_manual.pdf', 'http://example.com/fitbitsense_video', 4.5, 'Fitbit Sense 2'),
       ('2023-10-20', 22, 10, 33, 3, 'Huawei Watch GT 3 - умные часы с элегантным дизайном, высокой автономной работой и множеством функций для здоровья и фитнеса. Подходят как для активного образа жизни, так и для повседневного использования.', 'http://example.com/huaweiwatch_manual.pdf', 'http://example.com/huaweiwatch_video', 4.6, 'Huawei Watch GT 3'),
       ('2023-11-15', 23, 11, 33, 3, 'Garmin Venu 2 - умные часы с ярким дисплеем, продвинутым мониторингом здоровья и поддержкой множества спортивных режимов. Идеально подходят для любителей активного образа жизни и спорта.', 'http://example.com/garminvenu_manual.pdf', 'http://example.com/garminvenu_video', 4.8, 'Garmin Venu 2'),
       ('2023-12-10', 24, 12, 34, 3, 'Xiaomi Mi Watch Revolve Active - стильные и функциональные умные часы с долгим временем работы, поддержкой спортивных функций и мониторингом здоровья. Подходят для активного образа жизни.', 'http://example.com/miwatch_manual.pdf', 'http://example.com/miwatch_video', 4.7, 'Xiaomi Mi Watch Revolve Active'),
       ('2024-01-05', 25, 13, 32, 3, 'Fossil Gen 6 - умные часы с классическим дизайном, высокой производительностью и множеством функций для здоровья и фитнеса. Подходят для людей, ведущих активный образ жизни.', 'http://example.com/fossilgen6_manual.pdf', 'http://example.com/fossilgen6_video', 4.6, 'Fossil Gen 6'),
       ('2024-02-20', 26, 14, 36, 3, 'TicWatch Pro 4 - умные часы с двойным дисплеем, продвинутыми функциями мониторинга здоровья и длительным временем автономной работы. Подходят для спорта и повседневного использования.', 'http://example.com/ticwatchpro4_manual.pdf', 'http://example.com/ticwatchpro4_video', 4.5, 'TicWatch Pro 4'),
       ('2024-03-15', 27, 15, 35, 3, 'Amazfit GTR 4 - стильные и функциональные умные часы с высокой производительностью, множеством спортивных функций и долгим временем работы. Идеально подходят для активного образа жизни.', 'http://example.com/amazfitgtr4_manual.pdf', 'http://example.com/amazfitgtr4_video', 4.7, 'Amazfit GTR 4'),
       ('2024-04-10', 28, 16, 33, 3, 'Casio G-Shock GSW-H1000 - умные часы с прочным корпусом, продвинутыми функциями спорта и высоким уровнем защиты от воды и пыли. Подходят для спорта и экстремальных условий.', 'http://example.com/casiogshock_manual.pdf', 'http://example.com/casiogshock_video', 4.8, 'Casio G-Shock GSW-H1000'),
       ('2024-05-05', 29, 17, 38, 3, 'Polar Grit X Pro - умные часы для профессиональных спортсменов с продвинутыми функциями мониторинга здоровья, навигации и тренировок. Идеально подходят для экстремальных условий и тренировок на открытом воздухе.', 'http://example.com/polargritxpro_manual.pdf', 'http://example.com/polargritxpro_video', 4.9, 'Polar Grit X Pro'),
       ('2024-06-20', 30, 18, 38, 3, 'Suunto 9 Baro - умные часы для туризма и активного отдыха с продвинутой навигацией, длительным временем работы и высоким уровнем защиты от воды. Идеально подходят для путешествий и тренировок на открытом воздухе.', 'http://example.com/suunto9baro_manual.pdf', 'http://wsedrftg', 3.7, 'mi band'),
       ('2023-08-25', 31, 19, 44, 4, 'Apple AirPods Max - высококачественные беспроводные наушники с шумоподавлением и превосходным звуком. Идеально подходят для прослушивания музыки и просмотра фильмов.', 'http://example.com/airpodsmax_manual.pdf', 'http://example.com/airpodsmax_video', 4.8, 'Apple AirPods Max'),
       ('2023-09-10', 32, 20, 42, 4, 'Samsung Galaxy Buds Pro - беспроводные наушники с активным шумоподавлением и кристально чистым звуком. Подходят для прослушивания музыки и звонков.', 'http://example.com/galaxybudspro_manual.pdf', 'http://example.com/galaxybudspro_video', 4.7, 'Samsung Galaxy Buds Pro'),
       ('2023-07-15', 33, 21, 40, 4, 'Sony WH-1000XM5 - наушники с шумоподавлением и высоким качеством звука. Подходят для прослушивания музыки и аудиокниг.', 'http://example.com/wh1000xm5_manual.pdf', 'http://example.com/wh1000xm5_video', 4.6, 'Sony WH-1000XM5'),
       ('2024-01-05', 34, 22, 45, 4, 'Bose QuietComfort Earbuds - беспроводные наушники с активным шумоподавлением и комфортным дизайном. Подходят для прослушивания музыки и звонков.', 'http://example.com/quietcomfortearbuds_manual.pdf', 'http://example.com/quietcomfortearbuds_video', 4.5, 'Bose QuietComfort Earbuds'),
       ('2024-02-20', 35, 23, 47, 4, 'Jabra Elite 85t - наушники с активным шумоподавлением и отличным качеством звука. Идеально подходят для прослушивания музыки и звонков.', 'http://example.com/elite85t_manual.pdf', 'http://example.com/elite85t_video', 4.4, 'Jabra Elite 85t'),
       ('2024-03-15', 36, 24, 42, 4, 'Sennheiser Momentum True Wireless 2 - беспроводные наушники с превосходным звуком и активным шумоподавлением. Подходят для прослушивания музыки и звонков.', 'http://example.com/momentum_manual.pdf', 'http://example.com/momentum_video', 4.3, 'Sennheiser Momentum True Wireless 2'),
       ('2024-04-10', 37, 25, 47, 4, 'Beats Studio Buds - беспроводные наушники с активным шумоподавлением и длительным временем работы. Подходят для прослушивания музыки и звонков.', 'http://example.com/studiobuds_manual.pdf', 'http://example.com/studiobuds_video', 4.2, 'Beats Studio Buds'),
       ('2024-01-10', 38, 27, 12, 1, 'Redmi Note 12 - смартфон с отличным соотношением цена/качество, с большим экраном, мощным аккумулятором и хорошей камерой. Идеально подходит для повседневного использования и мультимедиа.', 'http://example.com/redmi_note_12_manual.pdf', 'http://example.com/redmi_note_12_video', 4.5, 'Redmi Note 12'),
       ('2024-02-15', 39, 27, 2, 1, 'Redmi Note 12 Pro - улучшенная версия Redmi Note 12 с более мощным процессором и улучшенной камерой. Отлично подходит для игр и фотографии.', 'http://example.com/redmi_note_12_pro_manual.pdf', 'http://example.com/redmi_note_12_pro_video', 4.6, 'Redmi Note 12 Pro'),
       ('2024-03-20', 40, 27, 4, 1, 'Redmi Note 12 Pro Max - флагманская версия с передовыми характеристиками, большим экраном и лучшей камерой. Идеально подходит для любителей технологий и фотографов.', 'http://example.com/redmi_note_12_pro_max_manual.pdf', 'http://example.com/redmi_note_12_pro_max_video', 4.7, 'Redmi Note 12 Pro Max'),
       ('2024-04-25', 41, 27, 5, 1, 'Redmi 12 - бюджетный смартфон с хорошей производительностью, большим экраном и долгим временем работы. Идеально подходит для повседневных задач и мультимедиа.', 'http://example.com/redmi_12_manual.pdf', 'http://example.com/redmi_12_video', 4.4, 'Redmi 12'),
       ('2024-05-30', 42, 27, 6, 1, 'Redmi 12A - доступный смартфон с базовыми характеристиками, длительным временем работы и хорошей камерой. Отличный выбор для повседневного использования.', 'http://example.com/redmi_12a_manual.pdf', 'http://example.com/redmi_12a_video', 4.3, 'Redmi 12A'),
       ('2024-06-05', 43, 27, 2, 1, 'Redmi K50 - смартфон с высокой производительностью, отличной камерой и стильным дизайном. Подходит для игр и мультимедиа.', 'http://example.com/redmi_k50_manual.pdf', 'http://example.com/redmi_k50_video', 4.6, 'Redmi K50'),
       ('2024-07-10', 44, 27, 9, 1, 'Redmi K50 Pro - улучшенная версия Redmi K50 с более мощным процессором и лучшей камерой. Отлично подходит для любителей технологий и игр.', 'http://example.com/redmi_k50_pro_manual.pdf', 'http://example.com/redmi_k50_pro_video', 4.7, 'Redmi K50 Pro'),
       ('2024-08-15', 45, 27, 13, 1, 'Redmi K50 Pro Max - флагманская версия с передовыми характеристиками, большим экраном и лучшей камерой. Идеально подходит для любителей технологий и профессиональных фотографов.', 'http://example.com/redmi_k50_pro_max_manual.pdf', 'http://example.com/redmi_k50_pro_max_video', 4.8, 'Redmi K50 Pro Max'),
       ('2024-09-20', 46, 27, 3, 1, 'Redmi 10X - смартфон среднего класса с хорошей производительностью, отличной камерой и стильным дизайном. Подходит для игр и мультимедиа.', 'http://example.com/redmi_10x_manual.pdf', 'http://example.com/redmi_10x_video', 4.5, 'Redmi 10X'),
       ('2024-10-25', 47, 27, 5, 1, 'Redmi 10X Pro - улучшенная версия Redmi 10X с более мощным процессором и лучшей камерой. Отлично подходит для любителей технологий и игр.', 'http://example.com/redmi_10x_pro_manual.pdf', 'http://example.com/redmi_10x_pro_video', 4.6, 'Redmi 10X Pro');

insert into mailings(end_date, start_date, id, description, image, title)
values ('2024-04-12', '2024-04-10', 1, 'Spring Sale Event', 'spring_sale.jpg', 'Spring Sale'),
       ('2024-04-14', '2024-04-12', 2, 'Summer Collection Launch', 'summer_collection.jpg', 'Summer Collection'),
       ('2024-04-16', '2024-04-14', 3, 'Back to School Deals', 'back_to_school.jpg', 'Back to School'),
       ('2024-04-18', '2024-04-16', 4, 'Fall Fashion Preview', 'fall_fashion.jpg', 'Fall Fashion'),
       ('2024-04-20', '2024-04-18', 5, 'Winter Wonderland Sale', 'winter_wonderland.jpg', 'Winter Wonderland'),
       ('2024-04-22', '2024-04-20', 6, 'New Year, New You', 'new_year_new_you.jpg', 'New Year, New You'),
       ('2024-04-24', '2024-04-22', 7, 'Valentine\s Day Specials', 'valentines_day.jpg', 'Valentine\s Day Specials'),
       ('2024-04-26', '2024-04-24', 8, 'Easter Eggstravaganza', 'easter_eggstravaganza.jpg', 'Easter Eggstravaganza'),
       ('2024-04-28', '2024-04-26', 9, 'Spring Cleaning Sale', 'spring_cleaning.jpg', 'Spring Cleaning Sale'),
       ('2024-04-30', '2024-04-28', 10, 'Mother\s Day Appreciation', 'mothers_day.jpg', 'Mother\s Day Appreciation'),
       ('2024-05-02', '2024-04-30', 11, 'Father\s Day Specials', 'fathers_day.jpg', 'Father\s Day Specials'),
       ('2024-05-04', '2024-05-02', 12, '4th of July Savings', '4th_of_july.jpg', '4th of July Savings'),
       ('2024-05-06', '2024-05-04', 13, 'Summer Vacation Essentials', 'summer_vacation.jpg',
        'Summer Vacation Essentials'),
       ('2024-05-08', '2024-05-06', 14, 'Back to School Tech Deals', 'back_to_school_tech.jpg',
        'Back to School Tech Deals'),
       ('2024-05-10', '2024-05-08', 15, 'Fall Home Decor Launch', 'fall_decor.jpg', 'Fall Home Decor Launch'),
       ('2024-05-12', '2024-05-10', 16, 'Winter Fashion Must-Haves', 'winter_fashion.jpg',
        'Winter Fashion Must-Haves'),
       ('2024-05-14', '2024-05-12', 17, 'Halloween Spooktacular', 'halloween_spooktacular.jpg',
        'Halloween Spooktacular'),
       ('2024-05-16', '2024-05-14', 18, 'Black Friday Blowout', 'black_friday.jpg', 'Black Friday Blowout'),
       ('2024-05-18', '2024-05-16', 19, 'Cyber Monday Madness', 'cyber_monday.jpg', 'Cyber Monday Madness'),
       ('2024-05-20', '2024-05-18', 20, 'Holiday Gift Guide', 'holiday_gift_guide.jpg', 'Holiday Gift Guide'),
       ('2024-05-22', '2024-05-20', 21, 'New Year\s Eve Countdown', 'new_years_eve.jpg', 'New Year\s Eve Countdown'),
       ('2024-05-24', '2024-05-22', 22, 'Winter Sports Gear Sale', 'winter_sports.jpg', 'Winter Sports Gear Sale'),
       ('2024-05-26', '2024-05-24', 23, 'Fitness Resolution Deals', 'fitness_resolution.jpg',
        'Fitness Resolution Deals'),
       ('2024-05-28', '2024-05-26', 24, 'Valentine\s Day Date Night', 'valentines_date_night.jpg',
        'Valentine\s Day Date Night'),
       ('2024-05-30', '2024-05-28', 25, 'Spring Break Travel Essentials', 'spring_break.jpg',
        'Spring Break Travel Essentials'),
       ('2024-06-01', '2024-05-30', 26, 'Mother\s Day Brunch Buffet', 'mothers_day_brunch.jpg',
        'Mother\s Day Brunch Buffet'),
       ('2024-06-03', '2024-06-01', 27, 'Father\s Day BBQ Supplies', 'fathers_day_bbq.jpg',
        'Father\s Day BBQ Supplies'),
       ('2024-06-05', '2024-06-03', 28, 'Independence Day Cookout', 'independence_day_cookout.jpg',
        'Independence Day Cookout'),
       ('2024-06-07', '2024-06-05', 29, 'Summer Solstice Sale', 'summer_solstice.jpg', 'Summer Solstice Sale'),
       ('2024-06-09', '2024-06-07', 30, 'Back to School Fashion', 'back_to_school_fashion.jpg',
        'Back to School Fashion'),
       ('2024-06-11', '2024-06-09', 31, 'Fall Harvest Celebration', 'fall_harvest.jpg', 'Fall Harvest Celebration'),
       ('2024-06-13', '2024-06-11', 32, 'Winter Wonderland Experience', 'winter_wonderland_experience.jpg',
        'Winter Wonderland Experience'),
       ('2024-06-15', '2024-06-13', 33, 'Halloween Costume Party', 'halloween_costume_party.jpg',
        'Halloween Costume Party'),
       ('2024-06-17', '2024-06-15', 34, 'Black Friday Early Access', 'black_friday_early_access.jpg',
        'Black Friday Early Access'),
       ('2024-06-19', '2024-06-17', 35, 'Cyber Monday Sneak Peek', 'cyber_monday_sneak_peek.jpg',
        'Cyber Monday Sneak Peek'),
       ('2024-06-21', '2024-06-19', 36, 'Holiday Season Kickoff', 'holiday_season_kickoff.jpg',
        'Holiday Season Kickoff'),
       ('2024-06-23', '2024-06-21', 37, 'New Year\s Day Brunch', 'new_years_day_brunch.jpg', 'New Year\s Day Brunch'),
       ('2024-06-25', '2024-06-23', 38, 'Winter Ski Trip Deals', 'winter_ski_trip.jpg', 'Winter Ski Trip Deals'),
       ('2024-06-27', '2024-06-25', 39, 'Fitness Resolution Kickoff', 'fitness_resolution_kickoff.jpg',
        'Fitness Resolution Kickoff'),
       ('2024-06-29', '2024-06-27', 40, 'Valentine\s Day Romantic Getaway', 'valentines_day_romantic_getaway.jpg',
        'Valentine\s Day Romantic Getaway'),
       ('2024-07-01', '2024-06-29', 41, 'Spring Cleaning Organization', 'spring_cleaning_organization.jpg',
        'Spring Cleaning Organization'),
       ('2024-07-03', '2024-07-01', 42, 'Mother\s Day Spa Retreat', 'mothers_day_spa_retreat.jpg',
        'Mother\s Day Spa Retreat'),
       ('2024-07-05', '2024-07-03', 43, 'Father\s Day Golf Outing', 'fathers_day_golf_outing.jpg',
        'Father\s Day Golf Outing'),
       ('2024-07-07', '2024-07-05', 44, 'Independence Day Fireworks Show', 'independence_day_fireworks.jpg',
        'Independence Day Fireworks Show'),
       ('2024-07-09', '2024-07-07', 45, 'Summer Music Festival', 'summer_music_festival.jpg', 'Summer Music Festival'),
       ('2024-07-11', '2024-07-09', 46, 'Back to School Stationery Sale', 'back_to_school_stationery.jpg',
        'Back to School Stationery Sale'),
       ('2024-07-13', '2024-07-11', 47, 'Fall Pumpkin Patch Adventure', 'fall_pumpkin_patch.jpg',
        'Fall Pumpkin Patch Adventure'),
       ('2024-07-15', '2024-07-13', 48, 'Winter Holiday Baking', 'winter_holiday_baking.jpg', 'Winter Holiday Baking'),
       ('2024-07-17', '2024-07-15', 49, 'Halloween Haunted House', 'halloween_haunted_house.jpg',
        'Halloween Haunted House'),
       ('2024-07-19', '2024-07-17', 50, 'Black Friday Doorbusters', 'black_friday_doorbusters.jpg',
        'Black Friday Doorbusters');

insert into orders(created_at, type_order, id, number, user_id, payment, status, total_price, discount_price)
values ('2023-01-01',  TRUE, 1, 12345, 1, 'PAYMENT_BY_CARD', 'PENDING', 12000, 9000),
       ('2023-01-02',  FALSE, 2, 23456, 2, 'UPON_RECEIPT_CARD', 'READY', 15000, 2000),
       ('2023-01-03',  TRUE, 3, 34567, 3, 'PAYMENT_BY_CARD', 'COURIER_ON_THE_WAY', 80000, 1200),
       ('2023-01-04',  FALSE, 4, 45678, 4, 'UPON_RECEIPT_CASH', 'DELIVERED', 30000, 800),
       ('2023-01-05',  TRUE, 5, 56789, 5, 'PAYMENT_BY_CARD', 'RECEIVED', 23000, 4000),
       ('2023-01-06', FALSE, 6, 67890, 6, 'UPON_RECEIPT_CARD', 'CANCELLED', 12000, 4700),
       ('2023-01-07', TRUE, 7, 78901, 7, 'PAYMENT_BY_CARD', 'PENDING',14500, 4500),
       ('2023-01-08', FALSE, 8, 89012, 8, 'UPON_RECEIPT_CASH', 'READY', 12000, 2000),
       ('2023-01-09', TRUE, 9, 90123, 9, 'PAYMENT_BY_CARD', 'COURIER_ON_THE_WAY',25000, 2300),
       ('2023-01-10',  FALSE, 10, 10123, 10, 'UPON_RECEIPT_CARD', 'DELIVERED',30000, 1500),
       ('2023-01-11',  TRUE, 11, 11123, 11, 'PAYMENT_BY_CARD', 'RECEIVED', 24000, 4000),
       ('2023-01-12',  FALSE, 12, 12123, 12, 'UPON_RECEIPT_CASH', 'CANCELLED',40000, 2000),
       ('2023-01-13',  TRUE, 13, 13123, 13, 'PAYMENT_BY_CARD', 'PENDING',50000, 7000),
       ('2023-01-14',  FALSE, 14, 14123, 14, 'UPON_RECEIPT_CARD', 'READY' , 13000, 3000),
       ('2023-01-15',  TRUE, 15, 15123, 15, 'PAYMENT_BY_CARD', 'COURIER_ON_THE_WAY',20500, 5000),
       ('2023-01-16',  FALSE, 16, 16123, 16, 'UPON_RECEIPT_CASH', 'DELIVERED',23000,5000),
       ('2023-01-17',  TRUE, 17, 17123, 17, 'PAYMENT_BY_CARD', 'RECEIVED',40000,4000),
       ('2023-01-18',  FALSE, 18, 18123, 18, 'UPON_RECEIPT_CARD', 'CANCELLED',15000,3000),
       ('2023-01-19',  TRUE, 19, 19123, 19, 'PAYMENT_BY_CARD', 'PENDING',26500, 1000),
       ('2023-01-20',  FALSE, 20, 20123, 20, 'UPON_RECEIPT_CASH', 'READY',30000,6000),
       ('2023-01-21',  TRUE, 21, 21123, 21, 'PAYMENT_BY_CARD', 'COURIER_ON_THE_WAY',25000,2000),
       ('2023-01-22',  FALSE, 22, 22123, 22, 'UPON_RECEIPT_CARD', 'DELIVERED',30000,2000),
       ('2023-01-23',  TRUE, 23, 23123, 23, 'PAYMENT_BY_CARD', 'RECEIVED',25000,4000),
       ('2023-01-24',  FALSE, 24, 24123, 24, 'UPON_RECEIPT_CASH', 'CANCELLED',30000,2000),
       ('2023-01-25',  TRUE, 25, 25123, 25, 'PAYMENT_BY_CARD', 'PENDING',15000,2000),
       ('2023-01-26',  FALSE, 26, 26123, 26, 'UPON_RECEIPT_CARD', 'READY',25000,5000),
       ('2023-01-27',  TRUE, 27, 27123, 27, 'PAYMENT_BY_CARD', 'COURIER_ON_THE_WAY',50000,8000),
       ('2023-01-28',  FALSE, 28, 28123, 28, 'UPON_RECEIPT_CASH', 'DELIVERED',50000,8000),
       ('2023-01-29',  TRUE, 29, 29123, 29, 'PAYMENT_BY_CARD', 'RECEIVED',50000,8000),
       ('2023-01-30',  FALSE, 30, 30123, 30, 'UPON_RECEIPT_CARD', 'CANCELLED',50000,8000),
       ('2023-01-31',  TRUE, 31, 31123, 31, 'PAYMENT_BY_CARD', 'PENDING',50000,8000),
       ('2023-02-01',  FALSE, 32, 32123, 32, 'UPON_RECEIPT_CASH', 'READY',50000,8000),
       ('2023-02-02',  TRUE, 33, 33123, 33, 'PAYMENT_BY_CARD', 'COURIER_ON_THE_WAY',50000,8000),
       ('2023-02-03',  FALSE, 34, 34123, 34, 'UPON_RECEIPT_CARD', 'DELIVERED',50000,8000),
       ('2023-02-04',  TRUE, 35, 35123, 35, 'PAYMENT_BY_CARD', 'RECEIVED',50000,8000),
       ('2023-02-05',  FALSE, 36, 36123, 36, 'UPON_RECEIPT_CASH', 'CANCELLED',50000,8000),
       ('2023-02-06',  TRUE, 37, 37123, 37, 'PAYMENT_BY_CARD', 'PENDING',50000,8000),
       ('2023-02-07',  FALSE, 38, 38123, 38, 'UPON_RECEIPT_CARD', 'READY',50000,8000),
       ('2023-02-08',  TRUE, 39, 39123, 39, 'PAYMENT_BY_CARD', 'COURIER_ON_THE_WAY',50000,8000),
       ('2023-02-09',  FALSE, 40, 40123, 40, 'UPON_RECEIPT_CASH', 'DELIVERED',50000,8000),
       ('2023-02-10',  TRUE, 41, 41123, 41, 'PAYMENT_BY_CARD', 'RECEIVED',50000,8000),
       ('2023-02-11',  FALSE, 42, 42123, 42, 'UPON_RECEIPT_CARD', 'CANCELLED',50000,8000),
       ('2023-02-12',  TRUE, 43, 43123, 43, 'PAYMENT_BY_CARD', 'PENDING',50000,8000),
       ('2023-02-13',  FALSE, 44, 44123, 44, 'UPON_RECEIPT_CASH', 'READY',50000,8000),
       ('2023-02-14',  TRUE, 45, 45123, 45, 'PAYMENT_BY_CARD', 'COURIER_ON_THE_WAY',50000,8000),
       ('2023-02-15',  FALSE, 46, 46123, 46, 'UPON_RECEIPT_CARD', 'DELIVERED',40000,3000),
       ('2023-02-16',  TRUE, 47, 47123, 47, 'PAYMENT_BY_CARD', 'RECEIVED',40000,3000),
       ('2023-02-17',  FALSE, 48, 48123, 48, 'UPON_RECEIPT_CASH', 'CANCELLED',40000,3000),
       ('2023-02-18',  TRUE, 49, 49123, 49, 'PAYMENT_BY_CARD', 'PENDING',40000,3000),
       ('2023-02-19',  FALSE, 50, 50123, 50, 'UPON_RECEIPT_CARD', 'READY',40000,3000);

insert into sub_gadgets(count_sim, price, quantity, gadget_id, id, main_colour, ram, memory, article,remoteness_status)
values (1, 120000, 250, 1, 1,   'black', 'RAM_32', 'GB_256', 123456, 'NOT_REMOTE'),
       (2, 20000, 250,  2, 2,   'silver','RAM_8', 'GB_512', 123456, 'NOT_REMOTE'),
       (1, 20000, 250,  3, 3,   'gold','RAM_32', 'GB_256',   456789, 'NOT_REMOTE'),
       (1, 20000, 250,  1, 5,   'white','RAM_8', 'GB_512', 123456, 'NOT_REMOTE'),
       (1, 20000, 250,  1, 6,   'green','RAM_32', 'GB_256', 123456, 'NOT_REMOTE'),
       (1, 20000, 250,  1, 7,   'black','RAM_8', 'GB_512', 432767, 'NOT_REMOTE'),
       (1, 20000, 250,  1, 4,   'black','RAM_32', 'GB_128', 678908, 'NOT_REMOTE'),
       (2, 17600, 220,  2, 8,   'silver','RAM_8', 'GB_64', 234567, 'NOT_REMOTE'),
       (2, 14400, 180,  3, 9,   'gold','RAM_8', 'GB_64', 123456, 'NOT_REMOTE'),
       (2, 12000, 150,  4, 10,  'blue','RAM_32', 'GB_512', 987655, 'NOT_REMOTE'),
       (1, 16000, 200,  5, 11,  'green','RAM_32', 'GB_64', 234567, 'NOT_REMOTE'),
       (1, 21000, 300,  1, 12,  'black','RAM_8', 'GB_512', 123456, 'NOT_REMOTE'),
       (2, 19600, 280,  2, 13,  'white','RAM_32', 'GB_512', 345678, 'NOT_REMOTE'),
       (1, 17500, 250,  3, 14,  'gray','RAM_8', 'GB_64', 123456, 'NOT_REMOTE'),
       (2, 10500, 150,  4, 15,  'blue','RAM_8', 'GB_512', 123456, 'NOT_REMOTE'),
       (1, 12000, 120,  5, 16,  'green','RAM_16', 'GB_512', 987654, 'NOT_REMOTE'),
       (2, 20000, 200,  1, 17,  'black','RAM_16', 'GB_64', 123456, 'NOT_REMOTE'),
       (1, 18000, 180,  2, 18,  'gray','RAM_8', 'GB_128', 456789, 'NOT_REMOTE'),
       (2, 16000, 160,  3, 19,  'blue','RAM_16', 'GB_128', 123456, 'NOT_REMOTE'),
       (1, 12000, 120,  4, 20,  'green','RAM_8', 'GB_512', 123456, 'NOT_REMOTE'),
       (2, 18000, 180,  1, 21,  'black','RAM_16', 'GB_128', 876543, 'NOT_REMOTE'),
       (1, 16000, 160,  2, 22,  'white','RAM_8', 'GB_512', 123456, 'NOT_REMOTE'),
       (2, 14000, 140,  3, 23,  'gray','RAM_16', 'GB_128', 876543, 'NOT_REMOTE'),
       (1, 11000, 110,  4, 24,  'blue','RAM_8', 'GB_512', 123456, 'NOT_REMOTE'),
       (2, 15000, 150,  1, 25,  'black','RAM_16', 'GB_128', 123456, 'NOT_REMOTE'),
       (1, 13000, 130,  2, 26,  'white','RAM_8', 'GB_512', 765432, 'NOT_REMOTE'),
       (2, 11000, 110,  3, 27,  'gray','RAM_4', 'GB_512', 123456, 'NOT_REMOTE'),
       (1, 25000, 250,  1, 29,  'green','RAM_8', 'GB_512', 123456, 'NOT_REMOTE'),
       (2, 22000, 220,  2, 30,  'black','RAM_4', 'GB_128', 876543, 'NOT_REMOTE'),
       (2, 22000, 220,  2, 31,  'silver','RAM_8', 'GB_256', 123456, 'NOT_REMOTE'),
       (1, 20000, 200,  3, 32,  'gold', 'RAM_4','GB_128', 123456, 'NOT_REMOTE'),
       (1, 18000, 180,  4, 33,  'blue','RAM_8', 'GB_256', 765432, 'NOT_REMOTE'),
       (2, 30000, 300,  1, 34,  'black','RAM_4', 'GB_512', 123456, 'NOT_REMOTE'),
       (1, 28000, 280,  2, 35,  'white','RAM_8', 'GB_512', 123456, 'NOT_REMOTE'),
       (1, 25000, 250,  3, 36,  'gray','RAM_4', 'GB_256', 123456, 'NOT_REMOTE'),
       (2, 15000, 150,  4, 37,  'blue','RAM_8', 'GB_512', 765432, 'NOT_REMOTE'),
       (1, 20000, 200,  1, 38,  'black','RAM_4', 'GB_256', 123456, 'NOT_REMOTE'),
       (1, 18000, 180,  2, 39,  'gray','RAM_8', 'GB_512', 654321, 'NOT_REMOTE'),
       (1, 16000, 160,  3, 40,  'blue','RAM_8', 'GB_512', 123456, 'NOT_REMOTE'),
       (2, 12000, 120,  4, 41,  'green','RAM_4', 'GB_256', 651323, 'NOT_REMOTE'),
       (1, 18000, 180,  1, 42,  'black','RAM_8', 'GB_512', 123456, 'NOT_REMOTE'),
       (1, 16000, 160,  2, 43,  'white','RAM_8', 'GB_64', 123456, 'NOT_REMOTE'),
       (1, 14000, 140,  3, 44,  'gray','RAM_4', 'GB_256', 654321, 'NOT_REMOTE'),
       (1, 11000, 110,  4, 45,  'blue','RAM_8', 'GB_128', 123456, 'NOT_REMOTE'),
       (2, 15000, 150,  1, 46,  'black','RAM_4', 'GB_256', 234566, 'NOT_REMOTE'),
       (1, 13000, 130,  2, 47,  'white','RAM_8', 'GB_512', 908668, 'NOT_REMOTE'),
       (1, 11000, 110,  3, 48,  'gray','RAM_8', 'GB_256', 123456, 'NOT_REMOTE'),
       (1, 19000, 900,  4, 49,  'blue','RAM_8', 'GB_256', 345678, 'NOT_REMOTE'),
       (1, 25000, 250,  1, 50,  'black','RAM_4', 'GB_512', 876543, 'NOT_REMOTE');

insert into sub_gadget_images(sub_gadget_id, images)
values (1, 'https://msk-apple.ru/image/cache/catalog/Add/13%20pro%20max/30059051bb-350x450.jpg'),
       (1, 'https://msk-apple.ru/image/cache/catalog/Add/13%20pro%20max/30059051bb1-350x450.jpg'),
       (1, 'https://msk-apple.ru/image/cache/catalog/Add/13%20pro%20max/30059051bb2-350x450.jpg'),
       (1, 'https://msk-apple.ru/image/cache/catalog/Add/13%20pro%20max/30059051bb3-350x450.jpg'),
       (1, 'https://msk-apple.ru/image/cache/catalog/Add/13%20pro%20max/30059051bb-350x450.jpg'),
       (1, 'https://msk-apple.ru/image/cache/catalog/Add/13%20pro%20max/30059051bb1-350x450.jpg'),
       (2, 'https://m.media-amazon.com/images/I/71uhwEmVcPL._AC_SL1500_.jpg'),
       (3, 'https://img.freepik.com/premium-photo/isolated-sony-wf-1000xm4-true-wireless-earbuds-front-view-white-b-white-background-clean_655090-801303.jpg?w=740'),
       (4, 'https://main-cdn.sbermegamarket.ru/big2/hlr-system/-20/172/809/321/129/185/3/100044879092b0.jpg'),
       (5, 'https://object.pscloud.io/cms/cms/Photo/img_0_83_1969_0_1.jpg'),
       (6, 'https://i.ebayimg.com/images/g/U9MAAOSwnlxkHm8s/s-l1600.jpg'),
       (7, 'https://www.sony.ru/image/42e7acd5e4e8451e3ded3219b30082d8?fmt=png-alpha&wid=480'),
       (8, 'https://my-apple.com.ua/image/cache/webp/catalog/products/iphone/iphone-13-pro-13-pro-max/silver-1-700x700.webp'),
       (9, 'https://case-place.ru/upload/cache/thumbnails/small/14350-9V000jaa3_33232887.jpg'),
       (10, 'https://object.pscloud.io/cms/cms/Photo/img_0_77_2653_0_1.jpg'),
       (11, 'https://m.media-amazon.com/images/I/51ugi3mMBgL.jpg'),
       (12, 'https://manikmobile.com/wp-content/uploads/2022/05/Untitled-design-75.png'),
       (13, 'https://object.pscloud.io/cms/cms/Photo/img_0_77_3398_3_1.jpg'),
       (14, 'https://softech.kg/image/cache/4b02ef0ed9a185e275b143679fbccd23.jpg'),
       (15, 'https://fishka.kg/image/cache/catalog/Products/Smartphone/Samsung/S21%20FE/01-1000x1000.jpg'),
       (16, 'https://object.pscloud.io/cms/cms/Photo/img_0_77_2577_6_1.jpg'),
       (17, 'https://login.kg/image/cache/catalog/new/Phones/Xiaomi/12S%20Ultra/xiaomi-12s-ultra-black-1-1200x800.jpg'),
       (18, 'https://object.pscloud.io/cms/cms/Photo/img_0_77_3549_0_1.jpg'),
       (19, 'https://mi-shop.kg/wp-content/uploads/2023/06/4hz276f4dp80b29mm000pidut1xs85bh.jpg'),
       (20, 'https://encrypted-tbn0.gstatic.com/images?q=tbn:ANd9GcSK9wtnvJgo8NIOPiezd_C4z3HTTJJvPwUwwtEUyiXe_w&s'),
       (21, 'https://i.pcmag.com/imagery/articles/02uDh0Egymd4gXTkIcD4uB9-5.fit_lim.size_1050x.jpg'),
       (22, 'https://liliputing.com/wp-content/uploads/2020/05/angle_02-628x500.jpg'),
       (23, 'https://www.litech.kg/storage/products/December2023/DKDDNUgEDAawwsRiDw9e.jpg'),
       (24, 'https://www.slickwraps.com/cdn/shop/products/lenovo-thinkpad-x1-carbon-gen-7-color-series-skins-slickwraps-2.jpg?v=1670608169'),
       (25, 'https://dlcdnwebimgs.asus.com/gain/A1433BAB-3BC8-40BF-965C-B3E95E59BC61/w1000/h732'),
       (26, 'https://belkcase.com/cdn/shop/products/Sf82004bf94ca4ce398bf43befd18d9feB.jpg?v=1673427063'),
       (27, 'https://object.pscloud.io/cms/cms/Photo/img_0_62_2993_0_6_MNySQR.png'),
       (29, 'https://stickietech.com/cdn/shop/products/1_4e9f5050-90af-4f5f-a815-d17890ef3b77.png?v=1655951468&width=2048'),
       (30, 'https://static.insales-cdn.com/images/products/1/6188/705394732/unnamed__4_.jpg'),
       (31, 'path_to_image_30'),
       (32, 'path_to_image_31'),
       (33, 'path_to_image_32'),
       (34, 'path_to_image_33'),
       (35, 'path_to_image_34'),
       (36, 'path_to_image_35'),
       (37, 'path_to_image_36'),
       (38, 'path_to_image_37'),
       (39, 'path_to_image_38'),
       (40, 'path_to_image_39'),
       (41, 'path_to_image_40'),
       (42, 'path_to_image_41'),
       (43, 'path_to_image_42'),
       (44, 'path_to_image_43'),
       (45, 'path_to_image_44'),
       (46, 'path_to_image_45'),
       (47, 'path_to_image_46'),
       (48, 'path_to_image_47'),
       (49, 'path_to_image_48');


insert into discounts(end_date, percent, start_date, id, sub_gadget_id)
values ('2024-07-01', 20, '2024-04-01', 1, 1),
       ('2024-02-02', 20, '2024-01-02', 2, 3),
       ('2024-08-01', 20, '2024-05-01', 3, 2),
       ('2024-03-02', 20, '2024-02-02', 4, 4),
       ('2024-09-01', 20, '2024-06-01', 5, 5),
       ('2024-04-02', 30, '2024-03-02', 6, 6),
       ('2024-10-01', 30, '2024-07-01', 7, 7),
       ('2024-05-02', 30, '2024-04-02', 8, 8),
       ('2024-11-01', 30, '2024-08-01', 9, 9);


insert into feedbacks(rating, date_and_time, gadget_id, id, user_id, description, response_admin)
values (5, '2024-12-12', 6, 1, 7, 'is a best', null),
       (4, now(), 7, 2, 8, 'good quality', null),
       (3, now(), 8, 3, 9, 'excellent performance', null),
       (5, now(), 9, 4, 10, 'very satisfied', null),
       (4, now(), 10, 5, 11, 'fast delivery', null),
       (1, now(), 11, 6, 12, 'not satisfied',
        'We apologize for the inconvenience. Please contact our support team for assistance.'),
       (5, now(), 12, 7, 13, 'great product', null),
       (4, now(), 13, 8, 14, 'easy to use', null),
       (3, now(), 14, 9, 15, 'good battery life', null),
       (5, now(), 15, 10, 16, 'highly recommend', null),
       (4, now(), 16, 11, 17, 'excellent value', null),
       (1, now(), 17, 12, 18, 'not satisfied',
        'We apologize for the inconvenience. Please contact our support team for assistance.'),
       (5, now(), 18, 13, 19, 'fast shipping', null),
       (4, now(), 19, 14, 20, 'good price', null),
       (3, now(), 20, 15, 21, 'nice build quality', null),
       (5, now(), 21, 16, 22, 'excellent service', null),
       (4, now(), 22, 17, 23, 'responsive support', null),
       (1, now(), 23, 18, 24, 'not satisfied',
        'We apologize for the inconvenience. Please contact our support team for assistance.'),
       (5, now(), 24, 19, 25, 'perfect condition', null),
       (4, now(), 25, 20, 26, 'smooth transaction', null),
       (3, now(), 26, 21, 27, 'quick response', null),
       (5, now(), 27, 22, 28, 'reliable seller', null),
       (1, now(), 29, 24, 30, 'not satisfied',
        'We apologize for the inconvenience. Please contact our support team for assistance.'),
       (5, now(), 30, 25, 31, 'accurate description', null),
       (4, now(), 31, 26, 32, 'fast shipping', null),
       (3, now(), 32, 27, 33, 'responsive seller', null),
       (5, now(), 33, 28, 34, 'great product', null),
       (4, now(), 34, 29, 35, 'smooth transaction', null),
       (1, now(), 35, 30, 36, 'not satisfied',
        'We apologize for the inconvenience. Please contact our support team for assistance.'),
       (5, now(), 36, 31, 37, 'excellent service', null),
       (4, now(), 37, 32, 38, 'responsive support', null),
       (3, now(), 38, 33, 39, 'great experience', null),
       (5, now(), 39, 34, 40, 'perfect condition', null),
       (4, now(), 40, 35, 41, 'smooth transaction', null),
       (1, now(), 41, 36, 42, 'not satisfied',
        'We apologize for the inconvenience. Please contact our support team for assistance.'),
       (5, now(), 42, 37, 43, 'reliable seller', null),
       (4, now(), 43, 38, 44, 'excellent communication', null),
       (3, now(), 44, 39, 45, 'good packaging', null),
       (5, now(), 45, 40, 46, 'accurate description', null),
       (4, now(), 46, 41, 47, 'fast shipping', null),
       (1, now(), 47, 42, 48, 'not satisfied',
        'We apologize for the inconvenience. Please contact our support team for assistance.'),
       (5, now(), 48, 43, 49, 'great product', null),
       (4, now(), 49, 44, 50, 'smooth transaction', null),
       (3, now(), 50, 45, 50, 'good packaging', null),
       (3, NOW(), 49, 46, 23, 'fast delivery', null),
       (5, NOW(), 50, 47, 36, 'excellent service', null),
       (4, NOW(), 43, 48, 32, 'responsive support', null),
       (1, NOW(), 22, 49, 10, 'not satisfied',
        'We apologize for the inconvenience. Please contact our support team for assistance.'),
       (5, NOW(), 43, 50, 43, 'perfect condition', null);

insert into feedback_images(feedback_id, images)
values (1, 'https://s3.amazonaws.com/yourbucket/feedback_images/image1.png'),
       (2, 'https://s3.amazonaws.com/yourbucket/feedback_images/image2.png'),
       (3, 'https://s3.amazonaws.com/yourbucket/feedback_images/image3.png'),
       (4, 'https://s3.amazonaws.com/yourbucket/feedback_images/image4.png'),
       (5, 'https://s3.amazonaws.com/yourbucket/feedback_images/image5.png'),
       (6, 'https://s3.amazonaws.com/yourbucket/feedback_images/image6.png'),
       (7, 'https://s3.amazonaws.com/yourbucket/feedback_images/image7.png'),
       (8, 'https://s3.amazonaws.com/yourbucket/feedback_images/image8.png'),
       (9, 'https://s3.amazonaws.com/yourbucket/feedback_images/image9.png'),
       (10, 'https://s3.amazonaws.com/yourbucket/feedback_images/image10.png'),
       (11, 'https://s3.amazonaws.com/yourbucket/feedback_images/image11.png'),
       (12, 'https://s3.amazonaws.com/yourbucket/feedback_images/image12.png'),
       (13, 'https://s3.amazonaws.com/yourbucket/feedback_images/image13.png'),
       (14, 'https://s3.amazonaws.com/yourbucket/feedback_images/image14.png'),
       (15, 'https://s3.amazonaws.com/yourbucket/feedback_images/image15.png'),
       (16, 'https://s3.amazonaws.com/yourbucket/feedback_images/image16.png'),
       (17, 'https://s3.amazonaws.com/yourbucket/feedback_images/image17.png'),
       (18, 'https://s3.amazonaws.com/yourbucket/feedback_images/image18.png'),
       (19, 'https://s3.amazonaws.com/yourbucket/feedback_images/image19.png'),
       (20, 'https://s3.amazonaws.com/yourbucket/feedback_images/image20.png'),
       (21, 'https://s3.amazonaws.com/yourbucket/feedback_images/image21.png'),
       (22, 'https://s3.amazonaws.com/yourbucket/feedback_images/image22.png'),
       (24, 'https://s3.amazonaws.com/yourbucket/feedback_images/image24.png'),
       (25, 'https://s3.amazonaws.com/yourbucket/feedback_images/image25.png'),
       (26, 'https://s3.amazonaws.com/yourbucket/feedback_images/image26.png'),
       (27, 'https://s3.amazonaws.com/yourbucket/feedback_images/image27.png'),
       (28, 'https://s3.amazonaws.com/yourbucket/feedback_images/image28.png'),
       (29, 'https://s3.amazonaws.com/yourbucket/feedback_images/image29.png'),
       (30, 'https://s3.amazonaws.com/yourbucket/feedback_images/image30.png'),
       (31, 'https://s3.amazonaws.com/yourbucket/feedback_images/image31.png'),
       (32, 'https://s3.amazonaws.com/yourbucket/feedback_images/image32.png'),
       (33, 'https://s3.amazonaws.com/yourbucket/feedback_images/image33.png'),
       (34, 'https://s3.amazonaws.com/yourbucket/feedback_images/image34.png'),
       (35, 'https://s3.amazonaws.com/yourbucket/feedback_images/image35.png'),
       (36, 'https://s3.amazonaws.com/yourbucket/feedback_images/image36.png'),
       (37, 'https://s3.amazonaws.com/yourbucket/feedback_images/image37.png'),
       (38, 'https://s3.amazonaws.com/yourbucket/feedback_images/image38.png'),
       (39, 'https://s3.amazonaws.com/yourbucket/feedback_images/image39.png'),
       (40, 'https://s3.amazonaws.com/yourbucket/feedback_images/image40.png'),
       (41, 'https://s3.amazonaws.com/yourbucket/feedback_images/image41.png'),
       (42, 'https://s3.amazonaws.com/yourbucket/feedback_images/image42.png'),
       (43, 'https://s3.amazonaws.com/yourbucket/feedback_images/image43.png'),
       (44, 'https://s3.amazonaws.com/yourbucket/feedback_images/image44.png'),
       (45, 'https://s3.amazonaws.com/yourbucket/feedback_images/image45.png'),
       (46, 'https://s3.amazonaws.com/yourbucket/feedback_images/image46.png'),
       (47, 'https://s3.amazonaws.com/yourbucket/feedback_images/image47.png'),
       (48, 'https://s3.amazonaws.com/yourbucket/feedback_images/image48.png'),
       (49, 'https://s3.amazonaws.com/yourbucket/feedback_images/image49.png'),
       (50, 'https://s3.amazonaws.com/yourbucket/feedback_images/image50.png');

insert into gadget_char_name (char_name_key, gadget_id, char_name)
values
    (60, 1, ''),
    (67, 1, 'Основная камера'),
    (71, 1, 'Другое'),
    (64, 1, 'Память'),
    (65, 1, 'Программное обеспечение'),
    (62, 1, 'Дизайн и корпус'),
    (69, 1, 'Коммуникации'),
    (70, 1, 'Звук'),
    (61, 1, 'Экран'),
    (63, 1, 'Производительность'),
    (68, 1, 'Фронтальная камера'),
    (66, 1, 'Батарея');

insert into char_values (id)
values
    (60),
    (61),
    (62),
    (63),
    (64),
    (65),
    (66),
    (67),
    (68),
    (69),
    (70),
    (71);

INSERT INTO char_value_values (char_value_id, values, values_key)
VALUES
    (61, 'OLED', 'Тип'),
    (61, '6.7 дюймов', 'Размер'),
    (61, '1284 x 2778 пикселей', 'Разрешение'),
    (61, '19.5:9', 'Соотношение сторон'),
    (61, '458 точек на дюйм', 'Плотность пикселей'),
    (61, '120 Гц', 'Частота обновления'),
    (61, 'Да (10-120 Гц)', 'Адаптивная частота обновления'),
    (61, '1000 нит', 'Макс. заявленная яркость'),
    (61, '1200 нит', 'Макс. заявленная яркость в HDR'),
    (61, 'Да, Dolby Vision', 'Поддержка HDR'),
    (61, 'Ceramic Shield', 'Защита дисплея'),
    (61, '87.7%', 'Соотношение экрана к корпусу'),
    (61, '- DCI-P3', 'Особенности'),
    (61, '99.9%', 'Цветовой охват sRGB'),
    (61, '238 Гц', 'ШИМ (PWM)'),
    (61, '8.5 мс', 'Время отклика'),
    (61, '∞ Бесконечная', 'Контрастность'),
    (62, '160.8 мм', 'Высота'),
    (62, '78.1 мм', 'Ширина'),
    (62, '7.65 мм', 'Толщина'),
    (62, '240 граммов', 'Вес'),
    (62, 'IP68', 'Водонепроницаемость'),
    (62, 'Стекло', 'Материал задней панели'),
    (62, 'Металл', 'Материал рамки'),
    (62, 'Черный, Серебристый, Золотистый, Синий, Зеленый', 'Доступные цвета'),
    (62, 'Нет', 'Сканер отпечатков пальцев'),
    (63, 'Apple A15 Bionic', 'Чипсет'),
    (63, '3230 МГц', 'Макс. частота'),
    (63, '6 (2 + 4)', 'CPU-ядер'),
    (63, '- 4 ядра по 2.02 ГГц: Blizzard - 2 ядра по 3.23 ГГц: Avalanche', 'Архитектура'),
    (63, 'TSMC', 'Производство'),
    (63, '5 нанометров', 'Размер транзистора'),
    (63, 'Apple Neural Engine', 'Нейронный процессор'),
    (63, 'Apple A15 GPU', 'Графика'),
    (63, '640', 'GPU-ядер'),
    (63, '1338 МГц', 'Частота GPU'),
    (63, '~1712.6 Гфлопс', 'FLOPS'),
    (63, '321373', 'CPU'),
    (63, '428561', 'GPU'),
    (63, '124388', 'Memory'),
    (63, '321780', 'UX'),
    (63, '1306102', 'Total score'),
    (63, '45.8 °C', 'Пиковая температура корпуса'),
    (63, '82%', 'Stability'),
    (63, '56 FPS', 'Graphics test'),
    (63, '9444', 'Graphics score'),
    (64, '6 ГБ', 'Объем ОЗУ'),
    (64, 'LPDDR4X', 'Тип памяти'),
    (64, '2133 МГц', 'Частота памяти'),
    (64, '2', 'Количество каналов'),
    (64, '128, 256, 512, 1024 ГБ', 'Объем накопителя'),
    (64, 'NVMe', 'Тип накопителя'),
    (64, 'Нет', 'Карта памяти'),
    (65, 'iOS 15 (С обновлением до iOS 17.4)', 'Операционная система'),
    (65, '13 ГБ', 'Размер системы из коробки'),
    (66, '4352 мАч', 'Объем'),
    (66, '23 Вт', 'Макс. мощность зарядки'),
    (66, 'Литий-ионный (Li-Ion)', 'Тип аккумулятора'),
    (66, 'Нет', 'Съемный'),
    (66, 'Да (7.5 Вт)', 'Беспроводная зарядка'),
    (66, 'Нет', 'Реверсивная зарядка'),
    (66, 'Да (42% за 30 минут)', 'Быстрая зарядка'),
    (66, '1:46 ч.', 'Время полной зарядки'),
    (66, '11:16 ч.', 'Веб-серфинг'),
    (66, '17:03 ч.', 'Просмотр видео'),
    (66, '6:41 ч.', 'Игры'),
    (66, '136 ч.', 'Режим ожидания'),
    (67, '12 мегапикселей', 'Матрица'),
    (67, '12 MP', 'Разрешение фото'),
    (67, 'Оптический, 3x', 'Зум'),
    (67, 'Dual LED', 'Вспышка'),
    (67, 'Цифровая', 'Стабилизация'),
    (67, 'Нет', 'Запись 8K видео'),
    (67, 'До 60 кадров/c', 'Запись 4K видео'),
    (67, 'До 60 кадров/c', 'Запись 1080p видео'),
    (67, '240 кадров/c (1080p)', 'Замедленная съемка'),
    (67, '120°', 'Угол широкоугольного объектива'),
    (67, '1) Standard: 12 MP 2) Telephoto: 12 MP 3) Ultrawide: 12 MP 4) Depth', 'Количество объективов'),
    (67, 'Эффект "боке" - Режим "Pro" - Поддержка RAW', 'Особенности'),
    (67, 'f/1.8', 'Апертура'),
    (67, '13 mm', 'Фокусное расстояние'),
    (67, 'Sony IMX772', 'Сенсор'),
    (67, '1/1.66"', 'Размер сенсора'),
    (67, '1 micron', 'Размер пикселя'),
    (67, 'Фазовый автофокус (Dual Pixel)', 'Автофокус'),
    (67, '75', 'Bokeh'),
    (67, '81', 'Preview'),
    (67, '119', 'Zoom'),
    (67, 'Примеры фото Apple iPhone 13 Pro Max от DxOMark', 'Примеры'),
    (68, '12 мегапикселей', 'Количество мегапикселей'),
    (68, '4032 x 3024', 'Разрешение фото'),
    (68, 'f/2.2', 'Апертура'),
    (68, '23 мм', 'Фокусное расстояние'),
    (68, 'Sony IMX514', 'Сенсор'),
    (68, '1/3.6"', 'Размер сенсора'),
    (68, '1 микрон', 'Размер пикселя'),
    (68, 'Фазовый автофокус (Dual Pixel)', 'Автофокус'),
    (68, 'Цифровая', 'Стабилизация'),
    (68, '2160p (4K) при 60 FPS', 'Разрешение видео'),
    (68, 'Да', 'Датчик глубины (TOF 3D)'),
    (68, '128', 'Photo'),
    (68, '143', 'Video'),
    (69, 'Wi-Fi 6 (802.11 a/b/g/n/ac/ax)', 'Версия Wi-Fi'),
    (69, 'Dual Band - Wi-Fi MiMO - Wi-Fi Direct - Wi-Fi Hotspot - Wi-Fi Display', 'Функции Wi-Fi'),
    (69, '5', 'Версия Bluetooth'),
    (69, 'LE, A2DP', 'Функции Bluetooth'),
    (69, '2', 'Версия USB'),
    (69, 'Зарядка - Режим USB-накопителя - OTG', 'Функции USB'),
    (69, 'GPS, GLONASS, Beidou, Galileo, QZSS', 'GPS'),
    (69, 'Да', 'NFC*'),
    (69, 'Нет', 'Инфракрасный порт'),
    (69, '1', 'Количество SIM*'),
    (69, 'Nano', 'Тип SIM'),
    (69, 'Да', 'Поддержка eSIM*'),
    (69, 'Нет', 'Гибридный слот'),
    (69, '18', 'LTE Cat*'),
    (69, 'GSM/EDGE 850, 900, 1800, 1900 MHz', '2G сети'),
    (69, 'UMTS 850, 900, 1700/2100, 1900, 2100 MHz', '3G сети'),
    (69, 'LTE 1, 2, 3, 4, 5, 7, 8, 11, 12, 13, 14, 17, 18, 19, 20, 21, 25, 26, 28, 29, 30, 32, 66, 71', '4G сети'),
    (69, 'Да', 'Поддержка 5G'),
    (70, 'Стерео', 'Динамики'),
    (70, 'Нет', '3.5 мм аудио порт'),
    (70, 'Нет', 'FM-Радио'),
    (70, 'Да', 'Dolby Atmos'),
    (71, 'Флагман', 'Класс'),
    (71, 'Сентябрь 2021 года', 'Дата выхода'),
    (71, 'Сентябрь 2021 года', 'Дата начала продаж'),
    (71, '0.99 Вт/кг', 'Уровень излучения SAR для головы'),
    (71, '0.98 Вт/кг', 'Уровень излучения SAR для тела'),
    (71, '- Барометр - Датчик приближения - Гироскоп - Акселерометр - Датчик света - Компас - Сканер распознавания лица', 'Сенсоры и датчики');

