insert into users(id, address, email, first_name, image, last_name, password, phone_number, role)
values (1, 'address', 'admin@gmail.com', 'administrator', 'https://s3.amazonaws.com/yourbucket/users/admin.png',
        'admin', '$2a$12$uxbUvdy2w/762Wan8URXpeiRfDNRxQmsCmSCuEEyJNBP.hloIomXu', '+996303333333', 'ADMIN'),
       (2, 'luksemburgskay23', 'nur@gmail.com', 'nurgazy', 'https://s3.amazonaws.com/yourbucket/users/nurgazy.png',
        'Temiraliev', '$2a$12$mWnriCsgbo8uU5gWRe2Rae1BjztzME2X643YyLslsIVfPlNZSa5K2', '+996302233333', 'USER'),
       (3, 'Bishkek', 'nurislam@gmail.com', 'Nurislam', 'https://s3.amazonaws.com/yourbucket/users/nurislam.png',
        'Toygonbaev', '$2a$12$0bfG6kKf677nSU7MxhmebOgrZ5iqt91VgavCYY.TaqMwQ1Xrf9ubO', '+996700000003', 'USER'),
       (4, 'Osh', 'zhigit@gmail.com', 'Zhigit', 'https://s3.amazonaws.com/yourbucket/users/zhigit.png', 'Turumbekov',
        '$2a$12$FFJjGku.VVoKM2KoIzcSYuCYSPNJfpjdI7LTngnYxrzRRfNGHa0mO', '+996700000004', 'USER'),
       (5, 'Tokmok', 'aiturgan@gmail.com', 'Aiturgan', 'https://s3.amazonaws.com/yourbucket/users/aiturgan.png',
        'Maksatbekkyzy', '$2a$12$RCAUiiWBEqaZIiYSfj.CkeG5MhsmaeJVWHPTS.65uJNSrN.lAH5iy', '+996700000005', 'USER'),
       (6, 'Jalal-Abad', 'nurlan@gmail.com', 'Nurlan', 'https://s3.amazonaws.com/yourbucket/users/nurlan.png',
        'Abiibillaev', '$2a$12$Kcix5.LiAzVzvQFLBJwDwOMJJT4uim8/lTG2.tJ7X2KUKWnNN4ZXe', '+996700000006', 'USER'),
       (7, 'Karakol', 'urmat@gmail.com', 'Urmat', 'https://s3.amazonaws.com/yourbucket/users/urmat.png', 'Taichikov',
        '$2a$12$X2LE7Fe.eX.EgD0VESJKPOdkUMgPr3Z36C.YpgUG1ii1ziO4FsCfS', '+996700000007', 'USER'),
       (8, 'Batken', 'sadykov@gmail.com', 'Ajybek', 'https://s3.amazonaws.com/yourbucket/users/sadykov.png', 'Sadykov',
        '$2a$12$LnhVugWJJxowZKyErfUPr.5oDogS7Jd0ayqwbXflffw/xRmciD9U6', '+996700000008', 'USER'),
       (9, 'Talas', 'nurmuhfmmed@gmail.com', 'Nurmuhfmmed', 'https://s3.amazonaws.com/yourbucket/users/nurmuhfmmed.png',
        'Medetov', '$2a$12$3qX3P4NNIjMRtGyaYbaRTuXmbWYdIpBkFFv8IgfQPyu6kGlyRvZQa', '+996700000009', 'USER'),
       (10, 'Naryn', 'nurkamil@gmail.com', 'Nurkamil', 'https://s3.amazonaws.com/yourbucket/users/nurkamil.png',
        'Kamchiev', '$2a$12$dProZkRPPMiYEePr2xtgcuL3378qwKqs/2BUyn/wlL06mG9hkJTY.', '+996700000010', 'USER'),
       (11, 'Moscow', 'arslana@gmail.com', 'Arslana', 'https://s3.amazonaws.com/yourbucket/users/arslana.png',
        'Taalaibekova',
        '$2a$12$DChD.TjlkyRQMFNayoxWVeRn9wObJxYOXxseFvsePK8G3ozd3XzSi', '+996700000011', 'USER'),
       (12, 'St. Petersburg', 'nuri@gmail.com', 'Nurzanat',
        'https://s3.amazonaws.com/yourbucket/users/nuri.png', 'Toktogulova',
        '$2a$12$fwLtGkpxhoh2rUWAMYjA2e0CQ6fKyE8XYr/v/xuB5LohmxW6pKns.', '+996700000012', 'USER'),
       (13, 'Novosibirsk', 'esentur@gmail.com', 'Esentur', 'https://s3.amazonaws.com/yourbucket/users/esentur.png',
        'Ismailov',
        '$2a$12$wxDglA3ftrlVG9GXJ7.zR.z3SF2IhNhr/D7L44S4Ic7K1HUgHcq6i', '+996700000013', 'USER'),
       (14, 'Yekaterinburg', 'sherbeck@gmail.com', 'Sherbeck', 'https://s3.amazonaws.com/yourbucket/users/sh.png',
        'Osmonaliev',
        '$2a$12$2wZbZhSqYDxa1IPZiXjQTOasP58.zBvGD43GkYj7ixn09WSK5D4fO', '+996700000014', 'USER'),
       (15, 'Kazan', 'ivan@gmail.com', 'Ivan', 'https://s3.amazonaws.com/yourbucket/users/ivan.png', 'Sokolov',
        '$2a$12$PAx8/q9m4CMbfwyAI2bRKuwS7Zqfy6x5SnVVGUcMKhrLNHzXJQylC', '+996700000015', 'USER'),
       (16, 'Chelyabinsk', 'yulia@gmail.com', 'Yulia', 'https://s3.amazonaws.com/yourbucket/users/yulia.png',
        'Lebedeva',
        '$2a$12$GBTPaiU9RplE0tUToBwFNOwl47TOOyUj46SDWYyymX8KE9rYuGMS2', '+996700000016', 'USER'),
       (17, 'Omsk', 'sergey@gmail.com', 'Sergey', 'https://s3.amazonaws.com/yourbucket/users/sergey.png', 'Morozov',
        '$2a$12$inws834iGkRnB3rFCPASdOO.WOvNLtvwZXhUSOP3rYzlHIU1Z2RJK', '+996700000017', 'USER'),
       (18, 'Samara', 'olga@gmail.com', 'Olga', 'https://s3.amazonaws.com/yourbucket/users/olga.png', 'Petrovskaya',
        '$2a$12$Khe0AvnBzgvxAQ2zLv6MMOOEbOlUiHYWrXze0YWHS3dKOsBDrc3R2', '+996700000018', 'USER'),
       (19, 'Omsk', 'nikolai@gmail.com', 'Nikolai', 'https://s3.amazonaws.com/yourbucket/users/nikolai.png', 'Vasiliev',
        '$2a$12$.NjlWc2mjaji1Fm5QkBe7eSsygecOoFujMcaeWRI/kAkHMUWpyFSu', '+996700000019', 'USER'),
       (20, 'Kazan', 'elena@gmail.com', 'Elena', 'https://s3.amazonaws.com/yourbucket/users/elena.png', 'Mikhailova',
        '$2a$12$RiA2t8zKsKpyescOGhZCzuUJG8Q.DLfBR5LQ9fQ/GBXd3o5YXHK3q', '+996700000020', 'USER'),
       (21, 'Chelyabinsk', 'alexei@gmail.com', 'Alexei', 'https://s3.amazonaws.com/yourbucket/users/alexei.png',
        'Romanov',
        '$2a$12$OJIm3oPeRxCI0rs1yx7u.eKgMMKepuZGR7/tUU14c1GGntiHcpLdy', '+996700000021', 'USER'),
       (22, 'Omsk', 'tatiana@gmail.com', 'Tatiana', 'https://s3.amazonaws.com/yourbucket/users/tatiana.png', 'Smirnova',
        '$2a$12$JpTYE3Wld6lOzbKw1Ap24.nG41d/CuJeAU/ylV1HFhuCg0/8Jljo6', '+996700000022', 'USER'),
       (23, 'Samara', 'maxim@gmail.com', 'Maxim', 'https://s3.amazonaws.com/yourbucket/users/maxim.png', 'Kozlov',
        '$2a$12$s7GRpjFJcKMkcXwDVELu1OZg7/Fe2NSdkVmEBaGrxWfi8WPDTaXJ6', '+996700000023', 'USER'),
       (24, 'Novosibirsk', 'irina@gmail.com', 'Irina', 'https://s3.amazonaws.com/yourbucket/users/irina.png',
        'Novikova',
        '$2a$12$FhwlfEqngSel89HywAGpBeHohsqw5.98tnvJ3XIz1ZuEa04Imrt2O', '+996700000024', 'USER'),
       (25, 'Yekaterinburg', 'vladimir@gmail.com', 'Vladimir', 'https://s3.amazonaws.com/yourbucket/users/vladimir.png',
        'Orlov',
        '$2a$12$j5JQKM6RryjmS4oVF0zv2eqD7ECqYtD2rFIaWVvf2E5Sy8.KU0q8i', '+996700000025', 'USER'),
       (26, 'Kazan', 'natalia@gmail.com', 'Natalia', 'https://s3.amazonaws.com/yourbucket/users/natalia.png',
        'Makarova',
        '$2a$12$cRf8rKJYZ2zGIEglP3Vp6eznx35rFZ6wZwpjb5RWsCZ2q4vM3ZVWy', '+996700000026', 'USER'),
       (27, 'Samara', 'pavel@gmail.com', 'Pavel', 'https://s3.amazonaws.com/yourbucket/users/pavel.png', 'Fedorov',
        '$2a$12$lIy9eEJ7MWTBgppHjDuldu/YEuixdYhT.zv3X1g7xE1WhoCKcoXYS', '+996700000027', 'USER'),
       (28, 'Omsk', 'ksenia@gmail.com', 'Ksenia', 'https://s3.amazonaws.com/yourbucket/users/ksenia.png', 'Vorobeva',
        '$2a$12$XVwIDoI8LV2B9dTEnGmgDe8NQWKUxZtObHbQCccAwyIA4QsZK2E7m', '+996700000028', 'USER'),
       (29, 'Kazan', 'andrey@gmail.com', 'Andrey', 'https://s3.amazonaws.com/yourbucket/users/andrey.png', 'Silin',
        '$2a$12$RcKQltgDvlgivxcNODxMU.rwuY4Gv6QKBdLpWuTueLQRS97/97U0y', '+996700000029', 'USER'),
       (30, 'Samara', 'ekaterina@gmail.com', 'Ekaterina', 'https://s3.amazonaws.com/yourbucket/users/ekaterina.png',
        'Kuzmina',
        '$2a$12$vMlMjydXcQ1cpI1uHbK43eF.H.ZdhK2Snl3o0txc5BnUZfR8eA8Lm', '+996700000030', 'USER'),
       (31, 'Omsk', 'mikhail@gmail.com', 'Mikhail', 'https://s3.amazonaws.com/yourbucket/users/mikhail.png', 'Soloviev',
        '$2a$12$zgvi2AwSWB3RAzgpauWf3uPUT0IoINYtzduW3gEPSD9X74Gb5/EIq', '+996700000031', 'USER'),
       (32, 'Yekaterinburg', 'anna@gmail.com', 'Anna', 'https://s3.amazonaws.com/yourbucket/users/anna.png',
        'Vinogradova',
        '$2a$12$npbvyASmz8XDnayLYpvaDutzuwPomWJXGfLaHor5FvDrVmA8Ya88i', '+996700000032', 'USER'),
       (33, 'Kazan', 'igor@gmail.com', 'Igor', 'https://s3.amazonaws.com/yourbucket/users/igor.png', 'Nikolaev',
        '$2a$12$PytNYUnemZyztSn9Ivy7ge2b15K264Vr3G4ojYtF224Ic7tSMtru6', '+996700000033', 'USER'),
       (34, 'Samara', 'svetlana@gmail.com', 'Svetlana', 'https://s3.amazonaws.com/yourbucket/users/svetlana.png',
        'Pavlova',
        '$2a$12$K0usEEpdfBXICOAJGfn.G.SPUlX7js63BIAmLAjTPbyzKfPgW.Kky', '+996700000034', 'USER'),
       (35, 'Omsk', 'oleg@gmail.com', 'Oleg', 'https://s3.amazonaws.com/yourbucket/users/oleg.png', 'Volkov',
        '$2a$12$c7pA/V9T/jlg0J2FDFy...Taav9CwhIH3wTyNHbBz.fGQybZ1AV4O', '+996700000035', 'USER'),
       (36, 'Kazan', 'marina@gmail.com', 'Marina', 'https://s3.amazonaws.com/yourbucket/users/marina.png', 'Lobanova',
        '$2a$12$taWIlfjE0pJqYz7Avya5GOhP09fzCgmv196kdNWsM.D0BNZq1rJ7.', '+996700000036', 'USER'),
       (37, 'Samara', 'kirill@gmail.com', 'Kirill', 'https://s3.amazonaws.com/yourbucket/users/kirill.png', 'Zaitsev',
        '$2a$12$Oa8QIrQVP3mLdQ8IG2VgAO9/sm/KVTmoykOvUSvdu.jeA0xubZn6.', '+996700000037', 'USER'),
       (38, 'Omsk', 'victoria@gmail.com', 'Victoria', 'https://s3.amazonaws.com/yourbucket/users/victoria.png',
        'Sorokina',
        '$2a$12$pDVPJdCIjm0eVH8j2mOBZ.4juTqwYan6pYqKZ8XN41AZiLi.52IOq', '+996700000038', 'USER'),
       (39, 'Kazan', 'boris@gmail.com', 'Boris', 'https://s3.amazonaws.com/yourbucket/users/boris.png', 'Moroz',
        '$2a$12$GAZ0kyFCV.bySuSJayS4NO8OqYR2dtFqSciBds6p2ThsdZtS8Gu8.', '+996700000039', 'USER'),
       (40, 'Samara', 'galina@gmail.com', 'Galina', 'https://s3.amazonaws.com/yourbucket/users/galina.png', 'Stepanova',
        '$2a$12$PPNrCpQ.QXcPA5iWRvoyAOuAZNg37Kd4lgReCJJuSgIK0GdQur6O6', '+996700000040', 'USER'),
       (41, 'Omsk', 'konstantin@gmail.com', 'Konstantin', 'https://s3.amazonaws.com/yourbucket/users/konstantin.png',
        'Osipov',
        '$2a$12$Ho2zL.Jk3AQBvl5WqfSEk.sBvypHdBgMC/q/tL1nzmAUyhVsyWGeC', '+996700000041', 'USER'),
       (42, 'Kazan', 'sophia@gmail.com', 'Sophia', 'https://s3.amazonaws.com/yourbucket/users/sophia.png', 'Zinovieva',
        '$2a$12$CaKTY.NQ8Nt1RpPhYif3Weh/GZNOoVfubYdORXyNYCmO7xU4PHH/K', '+996700000042', 'USER'),
       (43, 'Samara', 'denis@gmail.com', 'Denis', 'https://s3.amazonaws.com/yourbucket/users/denis.png', 'Kudryavtsev',
        '$2a$12$6JGRzRP0DVMuOPoPpI/DKe/XGTY7g0YhuaQ6r1oPeWWqU.w//btRa', '+996700000043', 'USER'),
       (44, 'Omsk', 'larisa@gmail.com', 'Larisa', 'https://s3.amazonaws.com/yourbucket/users/larisa.png', 'Pelevina',
        '$2a$12$5hxCHIQn5dXQd.qI/44QUuFhX.hfJOlwFf7IT6uKFd85eski0FBTe', '+996700000044', 'USER'),
       (45, 'Kazan', 'roman@gmail.com', 'Roman', 'https://s3.amazonaws.com/yourbucket/users/roman.png', 'Bogdanov',
        '$2a$12$lZ99UlJ5XYFZi7lzUBv5aOX.S8IXJHZ073rMRdjkla0rhBPkpoda.', '+996700000045', 'USER'),
       (46, 'Samara', 'yana@gmail.com', 'Yana', 'https://s3.amazonaws.com/yourbucket/users/yana.png', 'Efimova',
        '$2a$12$8B9hTyjvsobgLJLgggpXQe/4g9Gly9qnFQ3By0VN.LVgvHUyKclry', '+996700000046', 'USER'),
       (47, 'Omsk', 'artem@gmail.com', 'Artem', 'https://s3.amazonaws.com/yourbucket/users/artem.png', 'Zhuravlev',
        '$2a$12$27SRX6PZoHim.rFZRnqNiea5BcUXt9Li1d/Uk2H8yv4/hxn7RBNzK', '+996700000047', 'USER'),
       (48, 'Kazan', 'oksana@gmail.com', 'Oksana', 'https://s3.amazonaws.com/yourbucket/users/oksana.png', 'Belousova',
        '$2a$12$GxMECa0S6KyZOuYWR8bl2.iXs5gKVzKR4C6AfZiUBXOqLRaLxDoca', '+996700000048', 'USER'),
       (49, 'Samara', 'vitaly@gmail.com', 'Vitaly', 'https://s3.amazonaws.com/yourbucket/users/vitaly.png', 'Terekhov',
        '$2a$12$lWQcXmM59gg7Mso4.rTrDuLwmY3JMaKlscQ4vkSJOemCAUvLM7J1G', '+996700000049', 'USER'),
       (50, 'Omsk', 'alla@gmail.com', 'Alla', 'https://s3.amazonaws.com/yourbucket/users/alla.png', 'Gorbunova',
        '$2a$12$NOqZOvHMauCT/hKlhbl/buihf7ctSt/NPIITefDrWvCSAn4uGHXNC', '+996700000050', 'USER');

insert into contacts(id, firstname, lastname, email, phone_number, message)
values (1, 'Nurislam', 'Toygonbaev', 'nurislam@gmail.com', '+996701111111', 'hello'),
       (2, 'Zhigit', 'Turumbekov', 'zhigit@gmail.com', '+996702222222', 'i have things to do!'),
       (3, 'Aiturgan', 'Maksatbek kyzy', 'aiturga@gmail.com', '+996703333333', 'What''s happened?'),
       (4, 'Nurgazy', 'Temiraliev', 'nur@gmail.com', '+996709467886', 'Everything is fine'),
       (5, 'Nurlan', 'Abiibillaev', 'nurlan@gmail.com', '+996700000006', 'I liked it very much'),
       (6, 'Anastasia', 'Petrova', 'anastasia@gmail.com', '+996704444444', 'Good morning!'),
       (7, 'Dmitry', 'Kuznetsov', 'dmitry@gmail.com', '+996705555555', 'How are you doing?'),
       (8, 'Maria', 'Popova', 'maria@gmail.com', '+996706666666', 'Just checking in!'),
       (9, 'Ivan', 'Sokolov', 'ivan@gmail.com', '+996707777777', 'Hope you are well!'),
       (10, 'Yulia', 'Lebedeva', 'yulia@gmail.com', '+996708888888', 'Wishing you a great day!'),
       (11, 'Sergey', 'Morozov', 'sergey@gmail.com', '+996709999999', 'Looking forward to catching up!'),
       (12, 'Olga', 'Petrovskaya', 'olga@gmail.com', '+996700101010', 'Just saying hi!'),
       (13, 'Nikolai', 'Vasiliev', 'nikolai@gmail.com', '+996700202020', 'Have a fantastic day!'),
       (14, 'Elena', 'Mikhailova', 'elena@gmail.com', '+996700303030', 'Sending you warm wishes!'),
       (15, 'Alexei', 'Romanov', 'alexei@gmail.com', '+996700404040', 'Thinking of you!'),
       (16, 'Tatiana', 'Smirnova', 'tatiana@gmail.com', '+996700505050', 'Missing you!'),
       (17, 'Maxim', 'Kozlov', 'maxim@gmail.com', '+996700606060', 'Looking forward to our next meeting!'),
       (18, 'Irina', 'Novikova', 'irina@gmail.com', '+996700707070', 'Hope to hear from you soon!'),
       (19, 'Vladimir', 'Orlov', 'vladimir@gmail.com', '+996700808080', 'Wishing you a wonderful day!'),
       (20, 'Natalia', 'Makarova', 'natalia@gmail.com', '+996700909090', 'Just dropping a line to say hello!'),
       (21, 'Pavel', 'Fedorov', 'pavel@gmail.com', '+996701010101', 'Hope your day is going well!'),
       (22, 'Ksenia', 'Vorobeva', 'ksenia@gmail.com', '+996701111111', 'Sending positive vibes your way!'),
       (23, 'Andrey', 'Silin', 'andrey@gmail.com', '+996701212121', 'Hope you have a great week!'),
       (24, 'Ekaterina', 'Kuzmina', 'ekaterina@gmail.com', '+996701313131', 'Thinking of you today!'),
       (25, 'Mikhail', 'Soloviev', 'mikhail@gmail.com', '+996701414141', 'Wishing you all the best!'),
       (26, 'Anna', 'Vinogradova', 'anna@gmail.com', '+996701515151', 'Just wanted to say hi!'),
       (27, 'Igor', 'Nikolaev', 'igor@gmail.com', '+996701616161', 'Hope you are having a good day!'),
       (28, 'Svetlana', 'Pavlova', 'svetlana@gmail.com', '+996701717171', 'Sending you positive energy!'),
       (29, 'Oleg', 'Volkov', 'oleg@gmail.com', '+996701818181', 'Looking forward to hearing from you!'),
       (30, 'Marina', 'Lobanova', 'marina@gmail.com', '+996701919191', 'Hope to catch up soon!'),
       (31, 'Kirill', 'Zaitsev', 'kirill@gmail.com', '+996702020202', 'Just wanted to check in!'),
       (32, 'Victoria', 'Sorokina', 'victoria@gmail.com', '+996702121212', 'Sending positive vibes your way!'),
       (33, 'Boris', 'Moroz', 'boris@gmail.com', '+996702222222', 'Hope you have a fantastic day!'),
       (34, 'Galina', 'Stepanova', 'galina@gmail.com', '+996702323232', 'Wishing you success!'),
       (35, 'Konstantin', 'Osipov', 'konstantin@gmail.com', '+996702424242', 'Thinking of you!'),
       (36, 'Sophia', 'Zinovieva', 'sophia@gmail.com', '+996702525252', 'Hope your day is going well!'),
       (37, 'Denis', 'Kudryavtsev', 'denis@gmail.com', '+996702626262', 'What are your plans for today?'),
       (38, 'Larisa', 'Pelevina', 'larisa@gmail.com', '+996702727272', 'Hope you have a great day!'),
       (39, 'Roman', 'Bogdanov', 'roman@gmail.com', '+996702828282', 'Looking forward to meeting you!'),
       (40, 'Yana', 'Efimova', 'yana@gmail.com', '+996702929292', 'Hope to catch up soon!'),
       (41, 'Artem', 'Zhuravlev', 'artem@gmail.com', '+996703030303', 'Just wanted to say hi!'),
       (42, 'Oksana', 'Belousova', 'oksana@gmail.com', '+996703131313', 'Hope your day is going well!'),
       (43, 'Vitaly', 'Terekhov', 'vitaly@gmail.com', '+996703232323', 'Wishing you success!'),
       (44, 'Alla', 'Gorbunova', 'alla@gmail.com', '+996703333333', 'Hope to catch up soon!'),
       (45, 'Ruslan', 'Toktomambetov', 'nurislam@gmail.com', '+996703434343', 'Just wanted to say hi!'),
       (46, 'Tamerlan', 'Tursunaliev', 'zhigit@gmail.com', '+996703535353', 'I have things to do!'),
       (47, 'Aigul', 'Maksatbekova', 'aiturga@gmail.com', '+996703636363', 'What''s happened?'),
       (48, 'Nurlanbek', 'Temirbekov', 'nur@gmail.com', '+996703737373', 'Everything is fine'),
       (49, 'Nursultan', 'Abildaev', 'nurlan@gmail.com', '+996703838383', 'I liked it very much'),
       (50, 'Azamat', 'Abylkanov', 'nurlan@gmail.com', '+996703939393', 'I liked it very much');

insert into categories(id, category_name)
values (1, 'phone'),
       (2, 'laptop'),
       (3, 'Smart watches and bracelets'),
       (4, 'Accessories');

insert into sub_categories(category_id, id, sub_category_name)
values
    -- Для категории 'Smartphones' (Смартфоны)
    (1, 1, 'Apple'),
    (1, 2, 'Samsung'),
    (1, 3, 'Xiaomi'),
    (1, 4, 'Google'),
    (1, 5, 'OnePlus'),
    (1, 6, 'Huawei'),
    (1, 7, 'Motorola'),
    (1, 8, 'LG'),
    (1, 9, 'Sony'),
    (1, 10, 'Nokia'),
    (1, 11, 'BlackBerry'),
    -- Для категории 'Laptops and tablets' (Ноутбуки и планшеты)
    (2, 12, 'Apple'),
    (2, 13, 'Acer'),
    (2, 14, 'Lenovo'),
    (2, 15, 'Microsoft'),
    (2, 16, 'Google'),
    (2, 17, 'Asus'),
    (2, 18, 'Dell'),
    (2, 19, 'Microsoft Surface'),
    (2, 20, 'HP'),
    (2, 21, 'Samsung'),
    -- Для категории 'Smart watches and bracelets' (Умные часы и браслеты)
    (3, 22, 'Samsung'),
    (3, 23, 'Apple'),
    (3, 24, 'Xiaomi'),
    (3, 25, 'Fitbit'),
    (3, 26, 'Garmin'),
    (3, 27, 'Polar'),
    (3, 28, 'TicWatch'),
    (3, 29, 'Amazfit'),
    (3, 30, 'Huawei'),
    (3, 31, 'Fossil'),
    (3, 32, 'Withings'),
    -- Для категории 'Accessories' (Аксессуары)
    (4, 33, 'Sony'),
    (4, 34, 'Apple'),
    (4, 35, 'Logitech'),
    (4, 36, 'JBL'),
    (4, 37, 'Bose'),
    (4, 38, 'Samsung Accessories'),
    (4, 39, 'Sony Accessories'),
    (4, 40, 'Belkin'),
    (4, 41, 'Anker'),
    (4, 42, 'Microsoft'),
    (4, 43, 'LG'),
    (1, 44, 'Samsung Smart TV'),
    (1, 45, 'Amazon Echo'),
    (1, 46, 'Google Nest Hub'),
    (1, 47, 'Apple Watch Series 7'),
    (1, 48, 'Samsung Galaxy Watch 4'),
    (1, 49, 'Sony WH-1000XM4'),
    (1, 50, 'Bose QuietComfort 45');


insert into brands(id, brand_name, logo)
values (1, 'Apple', 'https://s3.amazonaws.com/yourbucket/brand_logos/apple_logo.png'),
       (2, 'Samsung', 'https://s3.amazonaws.com/yourbucket/brand_logos/samsung_logo.png'),
       (3, 'Xiaomi', 'https://s3.amazonaws.com/yourbucket/brand_logos/xiaomi_logo.png'),
       (4, 'Sony', 'https://s3.amazonaws.com/yourbucket/brand_logos/sony_logo.png'),
       (5, 'Huawei', 'https://s3.amazonaws.com/yourbucket/brand_logos/huawei_logo.png'),
       (6, 'Sonos', 'https://s3.amazonaws.com/yourbucket/brand_logos/sonos_logo.png'),
       (7, 'Bose', 'https://s3.amazonaws.com/yourbucket/brand_logos/bose_logo.png'),
       (8, 'UE', 'https://s3.amazonaws.com/yourbucket/brand_logos/ue_logo.png'),
       (9, 'Nikon', 'https://s3.amazonaws.com/yourbucket/brand_logos/nikon_logo.png'),
       (10, 'Fujifilm', 'https://s3.amazonaws.com/yourbucket/brand_logos/fujifilm_logo.png'),
       (11, 'Sony', 'https://s3.amazonaws.com/yourbucket/brand_logos/sony_logo.png'),
       (12, 'HP', 'https://s3.amazonaws.com/yourbucket/brand_logos/hp_logo.png'),
       (13, 'Canon', 'https://s3.amazonaws.com/yourbucket/brand_logos/canon_logo.png'),
       (14, 'Epson', 'https://s3.amazonaws.com/yourbucket/brand_logos/epson_logo.png'),
       (15, 'Dell', 'https://s3.amazonaws.com/yourbucket/brand_logos/dell_logo.png'),
       (16, 'Samsung', 'https://s3.amazonaws.com/yourbucket/brand_logos/samsung_logo.png'),
       (17, 'Acer', 'https://s3.amazonaws.com/yourbucket/brand_logos/acer_logo.png'),
       (18, 'Razer', 'https://s3.amazonaws.com/yourbucket/brand_logos/razer_logo.png'),
       (19, 'SteelSeries', 'https://s3.amazonaws.com/yourbucket/brand_logos/steelseries_logo.png'),
       (20, 'Corsair', 'https://s3.amazonaws.com/yourbucket/brand_logos/corsair_logo.png'),
       (21, 'Logitech', 'https://s3.amazonaws.com/yourbucket/brand_logos/logitech_logo.png'),
       (22, 'Razer', 'https://s3.amazonaws.com/yourbucket/brand_logos/razer_logo.png'),
       (23, 'SteelSeries', 'https://s3.amazonaws.com/yourbucket/brand_logos/steelseries_logo.png'),
       (24, 'Logitech', 'https://s3.amazonaws.com/yourbucket/brand_logos/logitech_logo.png'),
       (25, 'Razer', 'https://s3.amazonaws.com/yourbucket/brand_logos/razer_logo.png'),
       (26, 'Microsoft', 'https://s3.amazonaws.com/yourbucket/brand_logos/microsoft_logo.png'),
       (27, 'SanDisk', 'https://s3.amazonaws.com/yourbucket/brand_logos/sandisk_logo.png'),
       (28, 'Samsung', 'https://s3.amazonaws.com/yourbucket/brand_logos/samsung_logo.png'),
       (29, 'Kingston', 'https://s3.amazonaws.com/yourbucket/brand_logos/kingston_logo.png'),
       (30, 'Seagate', 'https://s3.amazonaws.com/yourbucket/brand_logos/seagate_logo.png'),
       (31, 'Western Digital', 'https://s3.amazonaws.com/yourbucket/brand_logos/western_digital_logo.png'),
       (32, 'Toshiba', 'https://s3.amazonaws.com/yourbucket/brand_logos/toshiba_logo.png'),
       (33, 'SanDisk', 'https://s3.amazonaws.com/yourbucket/brand_logos/sandisk_logo.png'),
       (34, 'Samsung', 'https://s3.amazonaws.com/yourbucket/brand_logos/samsung_logo.png'),
       (35, 'Lexar', 'https://s3.amazonaws.com/yourbucket/brand_logos/lexar_logo.png'),
       (36, 'Anker', 'https://s3.amazonaws.com/yourbucket/brand_logos/anker_logo.png'),
       (37, 'RAVPower', 'https://s3.amazonaws.com/yourbucket/brand_logos/ravpower_logo.png'),
       (38, 'AUKEY', 'https://s3.amazonaws.com/yourbucket/brand_logos/aukey_logo.png'),
       (39, 'Anker', 'https://s3.amazonaws.com/yourbucket/brand_logos/anker_logo.png'),
       (40, 'Belkin', 'https://s3.amazonaws.com/yourbucket/brand_logos/belkin_logo.png'),
       (41, 'RAVPower', 'https://s3.amazonaws.com/yourbucket/brand_logos/ravpower_logo.png'),
       (42, 'Anker', 'https://s3.amazonaws.com/yourbucket/brand_logos/anker_logo.png'),
       (43, 'AmazonBasics', 'https://s3.amazonaws.com/yourbucket/brand_logos/amazonbasics_logo.png'),
       (44, 'Belkin', 'https://s3.amazonaws.com/yourbucket/brand_logos/belkin_logo.png'),
       (45, 'Spigen', 'https://s3.amazonaws.com/yourbucket/brand_logos/spigen_logo.png'),
       (46, 'OtterBox', 'https://s3.amazonaws.com/yourbucket/brand_logos/otterbox_logo.png'),
       (47, 'Supcase', 'https://s3.amazonaws.com/yourbucket/brand_logos/supcase_logo.png'),
       (48, 'Fintie', 'https://s3.amazonaws.com/yourbucket/brand_logos/fintie_logo.png'),
       (49, 'Fintie', 'https://s3.amazonaws.com/yourbucket/brand_logos/fintie_logo.png'),
       (50, 'Fintie', 'https://s3.amazonaws.com/yourbucket/brand_logos/fintie_logo.png');


insert into email_addresses
values (1, 'nur@gmail.com'),
       (2, 'nurislam@gmail.com'),
       (3, 'zhigit@gmail.com'),
       (4, 'aiturgan@gmail.com'),
       (5, 'nurlan@gmail.com'),
       (6, 'urmat@gmail.com'),
       (7, 'sadykov@gmail.com'),
       (8, 'nurmuhfmmed@gmail.com'),
       (9, 'nurkamil@gmail.com'),
       (10, 'alexander@gmail.com'),
       (11, 'anastasia@gmail.com'),
       (12, 'dmitry@gmail.com'),
       (13, 'maria@gmail.com'),
       (14, 'ivan@gmail.com'),
       (15, 'yulia@gmail.com'),
       (16, 'sergey@gmail.com'),
       (17, 'olga@gmail.com'),
       (18, 'nikolai@gmail.com'),
       (19, 'elena@gmail.com'),
       (20, 'alexei@gmail.com'),
       (21, 'tatiana@gmail.com'),
       (22, 'maxim@gmail.com'),
       (23, 'irina@gmail.com'),
       (24, 'vladimir@gmail.com'),
       (25, 'natalia@gmail.com'),
       (26, 'pavel@gmail.com'),
       (27, 'ksenia@gmail.com'),
       (28, 'andrey@gmail.com'),
       (29, 'ekaterina@gmail.com'),
       (30, 'mikhail@gmail.com'),
       (31, 'anna@gmail.com'),
       (32, 'igor@gmail.com'),
       (33, 'svetlana@gmail.com'),
       (34, 'oleg@gmail.com'),
       (35, 'marina@gmail.com'),
       (36, 'kirill@gmail.com'),
       (37, 'victoria@gmail.com'),
       (38, 'boris@gmail.com'),
       (39, 'galina@gmail.com'),
       (40, 'konstantin@gmail.com'),
       (41, 'sophia@gmail.com'),
       (42, 'denis@gmail.com'),
       (43, 'larisa@gmail.com'),
       (44, 'roman@gmail.com'),
       (45, 'yana@gmail.com'),
       (46, 'artem@gmail.com'),
       (47, 'oksana@gmail.com'),
       (48, 'vitaly@gmail.com'),
       (49, 'alla@gmail.com'),
       (50, 'admin@gmail.com');

insert into gadgets(release_date, warranty, article, brand_id, id, sub_category_id, description, pdfurl, video_url, memory, ram, remoteness_status)
values ('2023-01-20', 1, 123456789, 1, 1, 1,
        'Apple iPhone 13 Pro - a flagship smartphone that pushes the boundaries of innovation. With its stunning design, advanced camera system, and powerful performance, its perfect for users who demand the best. Whether youre capturing memories, staying productive, or enjoying your favorite content, the iPhone 13 Pro delivers an exceptional experience.',
        'httpsexa', 'httpsview', 'GB_512', 'RAM_16', 'NOT_REMOTE'),
       ('2023-01-20', 3, 864209513, 21, 2, 35,
        'Logitech MX Master 3 - a premium wireless mouse designed for productivity and comfort. With its ergonomic shape, customizable buttons, and high-precision sensor, it provides a seamless experience for professionals and enthusiasts alike. Whether youre editing documents, browsing the web, or navigating spreadsheets, the Logitech MX Master 3 delivers precise control and comfort in any environment.',
        'https://example.com/iphone_manual.pdf', 'https://youtube.com/iphone_review', 'GB_16', 'RAM_32', 'NOT_REMOTE'),
       ('2023-01-20', 6, 142503698, 6, 3, 4,
        'Sonos Move - a versatile and portable smart speaker that delivers rich, detailed sound indoors and outdoors. With its durable design, long-lasting battery life, and seamless connectivity, its perfect for music lovers on the go. Whether youre hosting a backyard barbecue, relaxing at the beach, or enjoying a picnic in the park, the Sonos Move enhances your outdoor experience with immersive sound.',
        'https://example.com/iphone_manual.pdf', 'https://youtube.com/iphone_review', 'GB_32', 'RAM_12', 'NOT_REMOTE'),
       ('2023-01-20', 12, 639874215, 2, 4, 2,
        'Samsung Galaxy S22 Ultra - a cutting-edge flagship smartphone that redefines mobile technology. With its revolutionary camera system, stunning display, and powerful performance, its perfect for users who demand the ultimate smartphone experience. Whether youre capturing cinematic videos, multitasking with multiple apps, or gaming with console-quality graphics, the Galaxy S22 Ultra delivers unparalleled performance and versatility.',
        'https://example.com/samsung_manual.pdf', 'https://youtube.com/samsung_review', 'GB_64', 'RAM_8', 'NOT_REMOTE'),
       ('2023-01-20', 1, 123456790, 1, 5, 1,
        'Apple iPhone 13 - a powerful and feature-rich smartphone that offers a perfect blend of performance and elegance. With its advanced camera system, stunning design, and seamless integration with the Apple ecosystem, its perfect for users who demand the best. Whether youre capturing memories, staying connected with loved ones, or enjoying your favorite content, the iPhone 13 delivers an exceptional experience.',
        'https://example.com/iphone_manual.pdf', 'https://youtube.com/iphone_review', 'GB_128', 'RAM_4', 'NOT_REMOTE'),
       ('2023-01-20', 3, 864209514, 21, 6, 35,
        'Logitech MX Master 4 - a premium wireless mouse designed for professionals and enthusiasts. With its advanced features, customizable buttons, and ergonomic design, it provides precision and comfort during long work sessions. Whether youre editing documents, designing graphics, or navigating spreadsheets, the Logitech MX Master 4 delivers the performance and reliability you need to get the job done.',
        'https://example.com/iphone_manual.pdf', 'https://youtube.com/iphone_review', 'GB_256', 'RAM_32', 'NOT_REMOTE'),
       ('2023-01-20', 6, 142503699, 6, 7, 7,
        'Sonos Roam - a compact and portable smart speaker that delivers impressive sound quality wherever you go. With its durable design, long-lasting battery life, and built-in voice control, its perfect for music lovers on the move. Whether youre hiking in the mountains, lounging at the beach, or camping under the stars, the Sonos Roam brings your music to life with rich, detailed sound.',
        'https://example.com/iphone_manual.pdf', 'https://youtube.com/iphone_review', 'TB_1', 'RAM_16', 'NOT_REMOTE'),
       ('2023-01-20', 12, 639874216, 2, 8, 2,
        'Samsung Galaxy S22 Plus - a flagship smartphone that combines style with substance. With its stunning design, advanced camera system, and powerful performance, its perfect for users who demand the best. Whether youre capturing memories, staying productive, or enjoying your favorite content, the Galaxy S22 Plus delivers an exceptional experience.',
        'https://example.com/samsung_manual.pdf', 'https://youtube.com/samsung_review', 'GB_512', 'RAM_12', 'NOT_REMOTE'),
       ('2023-01-20', 1, 123456791, 1, 9, 1,
        'Apple iPhone 12 Mini - a compact and powerful smartphone that fits perfectly in your hand. With its advanced camera system, stunning design, and seamless integration with the Apple ecosystem, its perfect for users who want a premium iPhone experience in a smaller form factor. Whether youre capturing memories, staying connected with loved ones, or enjoying your favorite content, the iPhone 12 Mini delivers an exceptional experience.',
        'https://example.com/iphone_manual.pdf', 'https://youtube.com/iphone_review', 'GB_16', 'RAM_8', 'NOT_REMOTE'),
       ('2023-01-20', 3, 864209515, 21, 10, 35,
        'Logitech G502 Hero - a high-performance gaming mouse designed for competitive gamers and enthusiasts. With its advanced features, customizable buttons, and ergonomic design, it provides precision and comfort during long gaming sessions. Whether youre competing in esports tournaments or exploring vast virtual worlds, the Logitech G502 Hero delivers the performance and reliability you need to stay ahead of the competition.',
        'https://example.com/iphone_manual.pdf', 'https://youtube.com/iphone_review', 'GB_32', 'RAM_32', 'NOT_REMOTE'),
       ('2023-01-20', 6, 142503700, 6, 11, 11, 'Sonos One - a smart speaker that delivers rich,
        room - filling sound and voice control for your music and more. With its sleek design,
        versatile connectivity options, and built - in voice assistant,
        its perfect for any room in your home. Whether youre listening to your favorite playlists,
        checking the weather, or controlling smart home devices, the Sonos One enhances your audio experience with immersive sound and convenience.',
        'https://example.com/iphone_manual.pdf', 'https://youtube.com/iphone_review', 'GB_64', 'RAM_16', 'NOT_REMOTE'),
       ('2023-01-20', 12, 639874217, 2, 12, 2,
        'Samsung Galaxy S22 - a flagship smartphone that pushes the boundaries of innovation. With its revolutionary camera system, stunning display, and powerful performance, its perfect for users who demand the best. Whether youre capturing memories, staying productive, or enjoying your favorite content, the Galaxy S22 delivers an exceptional experience.',
        'https://example.com/samsung_manual.pdf', 'https://youtube.com/samsung_review', 'GB_128', 'RAM_12', 'NOT_REMOTE'),
       ('2023-01-20', 1, 123456792, 1, 13, 1,
        'Apple iPhone 12 Pro - a powerful and stylish smartphone that offers cutting-edge technology and design. With its advanced camera system, stunning display, and seamless integration with the Apple ecosystem, its perfect for users who demand the best. Whether youre capturing professional-quality photos, editing videos, or gaming with console-level graphics, the iPhone 12 Pro delivers an unparalleled experience.',
        'https://example.com/iphone_manual.pdf', 'https://youtube.com/iphone_review', 'GB_256', 'RAM_8', 'NOT_REMOTE'),
       ('2023-01-20', 3, 864209516, 21, 14, 14,
        'Logitech G Pro X - a premium gaming headset designed for esports professionals and enthusiasts. With its advanced features, customizable settings, and comfortable design, it provides immersive audio and clear communication during intense gaming sessions. Whether youre competing in tournaments or streaming your gameplay, the Logitech G Pro X delivers the audio quality and performance you need to succeed.',
        'https://example.com/iphone_manual.pdf', 'https://youtube.com/iphone_review', 'TB_1', 'RAM_6', 'NOT_REMOTE'),
       ('2023-01-20', 6, 142503701, 6, 15, 15,
        'Sonos Beam - a compact soundbar that delivers immersive sound for your movies, music, and more. With its sleek design, versatile connectivity options, and built-in voice control, its perfect for any home entertainment setup. Whether youre watching movies, listening to music, or playing games, the Sonos Beam enhances your audio experience with rich, detailed sound.',
        'https://example.com/iphone_manual.pdf', 'https://youtube.com/iphone_review', 'GB_512', 'RAM_4', 'NOT_REMOTE'),
       ('2023-01-20', 12, 639874218, 2, 16, 2,
        'Samsung Galaxy S21 Ultra - a flagship smartphone that redefines mobile photography and videography. With its advanced camera system, stunning display, and powerful performance, its perfect for capturing and sharing your lifs moments in stunning detail. Whether youre shooting 8K videos, taking pro-grade photos, or multitasking with multiple apps, the Galaxy S21 Ultra delivers an unparalleled experience.',
        'https://example.com/samsung_manual.pdf', 'https://youtube.com/samsung_review', 'GB_16', 'RAM_32', 'NOT_REMOTE'),
       ('2023-01-20', 1, 123456793, 1, 17, 1,
        'Apple iPhone 12 - a versatile and powerful smartphone that offers a perfect balance of performance and affordability. With its advanced camera system, sleek design, and seamless integration with the Apple ecosystem, its perfect for users who want a premium iPhone experience without breaking the bank. Whether youre capturing memories, staying connected with loved ones, or enjoying your favorite content, the iPhone 12 delivers an exceptional experience.',
        'https://example.com/iphone_manual.pdf', 'https://youtube.com/iphone_review', 'GB_32', 'RAM_16', 'NOT_REMOTE'),
       ('2023-01-20', 3, 864209517, 21, 18, 35,
        'Logitech G Pro Wireless - a high-performance gaming mouse designed for professional gamers and enthusiasts. With its advanced features, lightweight design, and wireless connectivity, it provides precision and comfort during intense gaming sessions. Whether youre competing in esports tournaments or practicing your skills, the Logitech G Pro Wireless delivers the speed and accuracy you need to dominate the competition.',
        'https://example.com/iphone_manual.pdf', 'https://youtube.com/iphone_review', 'GB_64', 'RAM_12', 'NOT_REMOTE'),
       ('2023-01-20', 6, 142503702, 6, 19, 19,
        'Sonos Play:1 - a compact wireless speaker that delivers rich, room-filling sound for your music and more. With its sleek design, versatile placement options, and easy setup, its perfect for any room in your home. Whether youre listening to your favorite playlists, streaming podcasts, or tuning into internet radio, the Sonos Play:1 enhances your audio experience with immersive sound.',
        'https://example.com/iphone_manual.pdf', 'https://youtube.com/iphone_review', 'GB_128', 'RAM_8', 'NOT_REMOTE'),
       ('2023-01-20', 12, 639874219, 2, 20, 2,
        'Samsung Galaxy S21 Plus - a flagship smartphone that offers a perfect blend of style and performance. With its sleek design, advanced camera system, and powerful performance, its perfect for users who demand the best. Whether youre capturing memories, staying productive, or enjoying your favorite content, the Galaxy S21 Plus delivers an exceptional experience.',
        'https://example.com/samsung_manual.pdf', 'https://youtube.com/samsung_review', 'GB_256', 'RAM_4', 'NOT_REMOTE'),
       ('2023-01-20', 1, 123456794, 1, 21, 1,
        'Apple iPhone 11 - a powerful and affordable smartphone that offers a perfect balance of performance and value. With its advanced camera system, long-lasting battery life, and sleek design, its perfect for users who want a premium iPhone experience at a lower price point. Whether youre capturing memories, staying connected with loved ones, or enjoying your favorite content, the iPhone 11 delivers an exceptional experience.',
        'https://example.com/iphone_manual.pdf', 'https://youtube.com/iphone_review', 'GB_512', 'RAM_6', 'NOT_REMOTE'),
       ('2023-01-20', 3, 864209518, 21, 22, 35,
        'Logitech G203 Lightsync - a budget-friendly gaming mouse that offers high performance and customizable RGB lighting. With its lightweight design, responsive sensor, and customizable buttons, it provides precise control and comfort during gaming sessions. Whether youre playing first-person shooters, MOBAs, or strategy games, the Logitech G203 Lightsync enhances your gaming experience without breaking the bank.',
        'https://example.com/iphone_manual.pdf', 'http s://youtube.com/iphone_review', 'TB_1', 'RAM_32', 'NOT_REMOTE'),
       ('2023-01-20', 6, 142503703, 6, 23, 23,
        'Sonos Arc - a premium soundbar that delivers immersive sound for your movies, music, and more. With its sleek design, Dolby Atmos support, and built-in voice control, its perfect for any home entertainment setup. Whether youre watching blockbuster movies, listening to your favorite albums, or playing immersive games, the Sonos Arc enhances your audio experience with rich, detailed sound.',
        'https://example.com/iphone_manual.pdf', 'https://youtube.com/iphone_review', 'GB_16', 'RAM_16', 'NOT_REMOTE'),
       ('2023-01-20', 12, 639874220, 2, 24, 2,
        'Samsung Galaxy S21 - a flagship smartphone that offers a perfect balance of style and performance. With its sleek design, advanced camera system, and powerful performance, its perfect for users who demand the best. Whether youre capturing memories, staying productive, or enjoying your favorite content, the Galaxy S21 delivers an exceptional experience.',
        'https://example.com/samsung_manual.pdf', 'https://youtube.com/samsung_review', 'GB_32', 'RAM_12', 'NOT_REMOTE'),
       ('2023-01-20', 1, 123456795, 1, 25, 1,
        'Apple iPhone SE - a compact and affordable smartphone that offers the best of Apples technology in a smaller form factor. With its advanced camera system, powerful performance, and sleek design, its perfect for users who want a premium iPhone experience without the premium price tag. Whether youre capturing memories, staying connected with loved ones, or enjoying your favorite content, the iPhone SE delivers an exceptional experience.',
        'https://example.com/iphone_manual.pdf', 'https://youtube.com/iphone_review', 'GB_32', 'RAM_8', 'NOT_REMOTE'),
       ('2023-01-20', 3, 864209519, 21, 26, 35,
        'Logitech G915 Lightspeed - a premium wireless gaming keyboard that offers high performance and customizable features. With its low-profile design, mechanical switches, and customizable RGB lighting, it provides precise control and comfort during gaming sessions. Whether youre playing fast-paced shooters, MMOs, or typing documents, the Logitech G915 Lightspeed enhances your gaming and typing experience with speed and accuracy.',
        'https://example.com/iphone_manual.pdf', 'https://youtube.com/iphone_review', 'GB_512', 'RAM_16', 'NOT_REMOTE'),
       ('2023-01-20', 6, 142503704, 6, 27, 27,
        'Sonos Playbar - a premium soundbar that delivers immersive sound for your movies, music, and more. With its sleek design, versatile placement options, and easy setup, its perfect for any home entertainment setup. Whether youre watching movies, listening to music, or playing games, the Sonos Playbar enhances your audio experience with rich, detailed sound.',
        'https://example.com/iphone_manual.pdf', 'https://youtube.com/iphone_review', 'TB_1', 'RAM_16', 'NOT_REMOTE'),
       ('2023-01-20', 1, 123456796, 1, 29, 1,
        'Apple iPhone XS - a powerful and stylish smartphone that offers a perfect blend of performance and elegance. With its advanced camera system, stunning display, and seamless integration with the Apple ecosystem, its perfect for users who demand the best. Whether youre capturing memories, staying connected with loved ones, or enjoying your favorite content, the iPhone XS delivers an exceptional experience.',
        'https://example.com/iphone_manual.pdf', 'https://youtube.com/iphone_review', 'GB_128', 'RAM_16', 'NOT_REMOTE'),
       ('2023-01-20', 3, 864209520, 21, 30, 35,
        'Logitech G502 Lightspeed - a high-performance gaming mouse designed for competitive gamers and enthusiasts. With its advanced features, customizable buttons, and ergonomic design, it provides precision and comfort during long gaming sessions. Whether youre competing in esports tournaments or exploring vast virtual worlds, the Logitech G502 Lightspeed delivers the performance and reliability you need to stay ahead of the competition.',
        'https://example.com/iphone_manual.pdf', 'https://youtube.com/iphone_review', 'GB_64', 'RAM_16', 'NOT_REMOTE'),
       ('2023-01-20', 6, 142503705, 6, 31, 31,
        'Sonos Play:5 - a powerful wireless speaker that delivers rich, detailed sound for your music and more. With its sleek design, versatile placement options, and easy setup, its perfect for any room in your home. Whether yore hosting parties, listening to your favorite albums, or streaming podcasts, the Sonos Play:5 enhances your audio experience with immersive sound.',
        'https://example.com/iphone_manual.pdf', 'https://youtube.com/iphone_review', 'GB_32', 'RAM_16', 'NOT_REMOTE'),
       ('2023-01-20', 12, 639874222, 2, 32, 2,
        'Samsung Galaxy S20 Plus - a flagship smartphone that offers a perfect balance of style and performance. With its sleek design, advanced camera system, and powerful performance, its perfect for users who demand the best. Whether youre capturing memories, staying productive, or enjoying your favorite content, the Galaxy S20 Plus delivers an exceptional experience.',
        'https://example.com/samsung_manual.pdf', 'https://youtube.com/samsung_review', 'GB_16', 'RAM_16', 'NOT_REMOTE'),
       ('2023-01-20', 1, 123456797, 1, 33, 1,
        'Apple iPhone XR - a powerful and stylish smartphone that offers a perfect blend of performance and affordability. With its advanced camera system, stunning design, and seamless integration with the Apple ecosystem, its perfect for users who want a premium iPhone experience without breaking the bank. Whether youre capturing memories, staying connected with loved ones, or enjoying your favorite content, the iPhone XR delivers an exceptional experience.',
        'https://example.com/iphone_manual.pdf', 'https://youtube.com/iphone_review', 'GB_256', 'RAM_16', 'NOT_REMOTE'),
       ('2023-01-20', 3, 864209521, 21, 34, 35,
        'Logitech G Pro - a high-performance gaming headset designed for competitive gamers and enthusiasts. With its advanced features, customizable settings, and comfortable design, it provides immersive audio and clear communication during intense gaming sessions. Whether youe competing in tournaments or streaming your gameplay, the Logitech G Pro delivers the audio quality and performance you need to succeed.',
        'https://example.com/iphone_manual.pdf', 'https://youtube.com/iphone_review', 'GB_128', 'RAM_16', 'NOT_REMOTE'),
       ('2023-01-20', 6, 142503706, 6, 35, 35,
        'Sonos Playbase - a sleek and powerful soundbase that delivers immersive sound for your movies, music, and more. With its low-profile design, versatile connectivity options, and easy setup, its perfect for any home entertainment setup. Whether youre watching blockbuster movies, listening to your favorite albums, or playing immersive games, the Sonos Playbase enhances your audio experience with rich, detailed sound.',
        'https://example.com/iphone_manual.pdf', 'https://youtube.com/iphone_review', 'GB_64', 'RAM_16', 'NOT_REMOTE'),
       ('2023-01-20', 12, 639874223, 2, 36, 2,
        'Samsung Galaxy S20 - a flagship smartphone that offers a perfect balance of style and performance. With its stunning design, advanced camera system, and powerful performance, its perfect for users who demand the best. Whether youre capturing memories, staying productive, or enjoying your favorite content, the Galaxy S20 delivers an exceptional experience.',
        'https://example.com/samsung_manual.pdf', 'https://youtube.com/samsung_review', 'GB_32', 'RAM_16', 'NOT_REMOTE'),
       ('2023-01-20', 1, 123456798, 1, 37, 1,
        'Apple iPhone X - a revolutionary smartphone that redefines the iPhone experience. With its edge-to-edge display, Face ID technology, and powerful performance, its perfect for users who want the latest in mobile technology. Whether youre capturing memories, staying connected with loved ones, or enjoying your favorite content, the iPhone X delivers an exceptional experience.',
        'https://example.com/iphone_manual.pdf', 'https://youtube.com/iphone_review', 'GB_16', 'RAM_16', 'NOT_REMOTE'),
       ('2023-01-20', 3, 864209522, 21, 38, 35,
        'Logitech G305 Lightspeed - a wireless gaming mouse designed for gamers who demand precision and performance. With its lightweight design, responsive sensor, and long battery life, it provides the speed and accuracy you need to excel in competitive gaming. Whether youre aiming for headshots in FPS games or executing complex maneuvers in strategy games, the Logitech G305 Lightspeed delivers a competitive edge.',
        'https://example.com/iphone_manual.pdf', 'https://youtube.com/iphone_review', 'TB_1', 'RAM_16', 'NOT_REMOTE'),
       ('2023-01-20', 6, 142503707, 6, 39, 39,
        'Sonos Sub - a powerful wireless subwoofer that adds deep, rich bass to your Sonos speaker setup. With its sleek design, easy setup, and versatile placement options, its perfect for enhancing your home audio experience. Whether youre watching action-packed movies, listening to bass-heavy music, or playing immersive games, the Sonos Sub delivers room-shaking sound that you can feel.',
        'https://example.com/iphone_manual.pdf', 'https://youtube.com/iphone_review', 'GB_256', 'RAM_16', 'NOT_REMOTE'),
       ('2023-01-20', 12, 639874224, 2, 40, 2,
        'Samsung Galaxy S10 Plus - a flagship smartphone that offers a perfect blend of style and performance. With its stunning design, advanced camera system, and powerful performance, its perfect for users who demand the best. Whether youre capturing memories, staying productive, or enjoying your favorite content, the Galaxy S10 Plus delivers an exceptional experience.',
        'https://example.com/samsung_manual.pdf', 'https://youtube.com/samsung_review', 'GB_128', 'RAM_16', 'NOT_REMOTE'),
       ('2023-01-20', 1, 123456799, 1, 41, 1,
        'Apple iPhone 8 Plus - a powerful and stylish smartphone that offers a perfect blend of performance and elegance. With its advanced camera system, stunning display, and seamless integration with the Apple ecosystem, its perfect for users who demand the best. Whether youre capturing memories, staying connected with loved ones, or enjoying your favorite content, the iPhone 8 Plus delivers an exceptional experience.',
        'https://example.com/iphone_manual.pdf', 'https://youtube.com/iphone_review', 'GB_64', 'RAM_16', 'NOT_REMOTE'),
       ('2023-01-20', 3, 864209523, 21, 42, 35,
        'Logitech MX Anywhere 3 - a versatile wireless mouse that offers precision and performance on the go. With its compact design, customizable buttons, and long battery life, its perfect for working from anywhere. Whether youre in the office, at home, or on the road, the Logitech MX Anywhere 3 provides the comfort and control you need to get things done.',
        'https://example.com/iphone_manual.pdf', 'https://youtube.com/iphone_review', 'GB_32', 'RAM_16', 'NOT_REMOTE'),
       ('2023-01-20', 6, 142503708, 6, 43, 43,
        'Sonos One SL - a powerful wireless speaker that delivers rich, detailed sound for your music and more. With its sleek design, versatile placement options, and easy setup, its perfect for any room in your home. Whether youre listening to your favorite playlists, streaming podcasts, or tuning into internet radio, the Sonos One SL enhances your audio experience with immersive sound.',
        'https://example.com/iphone_manual.pdf', 'https://youtube.com/iphone_review', 'GB_16', 'RAM_16', 'NOT_REMOTE'),
       ('2023-01-20', 12, 639874225, 2, 44, 2,
        'Samsung Galaxy S10 - a flagship smartphone that offers a perfect blend of style and performance. With its stunning design, advanced camera system, and powerful performance, its perfect for users who demand the best. Whether youre capturing memories, staying productive, or enjoying your favorite content, the Galaxy S10 delivers an exceptional experience.',
        'https://example.com/samsung_manual.pdf', 'https://youtube.com/samsung_review', 'TB_1', 'RAM_16', 'NOT_REMOTE'),
       ('2023-01-20', 1, 123456800, 1, 45, 1,
        'Apple iPhone 7 - a stylish and affordable smartphone that offers a perfect blend of performance and value. With its advanced camera system, stunning design, and seamless integration with the Apple ecosystem, its perfect for users who want a premium iPhone experience without breaking the bank. Whether youre capturing memories, staying connected with loved ones, or enjoying your favorite content, the iPhone 7 delivers an exceptional experience.',
        'https://example.com/iphone_manual.pdf', 'https://youtube.com/iphone_review', 'GB_256', 'RAM_16', 'NOT_REMOTE'),
       ('2023-01-20', 3, 864209524, 21, 46, 35,
        'Logitech C920 HD Pro - a high-definition webcam that delivers crystal-clear video quality for your video calls, streaming, and more. With its versatile mounting options, autofocus feature, and built-in stereo microphones, it s perfect for professional use or casual video chats. Whether youre attending virtual meetings, streaming gameplay, or recording vlogs, the Logitech C920 HD Pro ensures that you look and sound your best.',
        'https://example.com/iphone_manual.pdf', 'https://youtube.com/iphone_review', 'GB_128', 'RAM_16', 'NOT_REMOTE'),
       ('2023-01-20', 6, 142503709, 6, 47, 47,
        'Sonos Five - a premium wireless speaker that delivers rich, detailed sound for your music and more. With its sleek design, versatile placement options, and easy setup, it is perfect for any room in your home. Whether youre hosting parties, listening to your favorite albums, or streaming podcasts, the Sonos Five enhances your audio experience with immersive sound.',
        'https://example.com/iphone_manual.pdf', 'https://youtube.com/iphone_review', 'GB_64', 'RAM_16', 'NOT_REMOTE'),
       ('2023-01-20', 12, 639874226, 2, 48, 2,
        'Samsung Galaxy S10e - a compact and powerful smartphone that offers a perfect blend of style and performance. With its stunning design, advanced camera system, and powerful performance, its perfect for users who demand the best. Whether youre capturing memories, staying productive, or enjoying your favorite content, the Galaxy S10e delivers an exceptional experience.',
        'https://example.com/samsung_manual.pdf', 'https://youtube.com/samsung_review', 'GB_32', 'RAM_16', 'NOT_REMOTE'),
       ('2023-01-20', 1, 123456801, 1, 49, 1,
        'Apple iPhone 6s - a sleek and affordable smartphone that offers a perfect blend of performance and value. With its advanced camera system, stunning design, and seamless integration with the Apple ecosystem, its perfect for users who want a reliable iPhone experience without breaking the bank. Whether youre capturing memories, staying connected with loved ones, or enjoying your favorite content, the iPhone 6s delivers an exceptional experience.',
        'https://example.com/iphone_manual.pdf', 'https://youtube.com/iphone_review', 'GB_16', 'RAM_16', 'NOT_REMOTE'),
       ('2023-01-20', 3, 864209525, 21, 50, 35,
        'Logitech G Pro X Superlight - a lightweight gaming mouse designed for competitive gamers who demand speed and precision. With its ultra-lightweight design, advanced sensor, and long battery life, it provides the responsiveness and accuracy you need to gain a competitive edge. Whether youre flick-shotting in FPS games or making precise movements in strategy games, the Logitech G Pro X Superlight delivers unmatched performance.',
        'https://example.com/iphone_manual.pdf', 'https://youtube.com/iphone_review', 'GB_512', 'RAM_16', 'NOT_REMOTE');



insert into mailings(end_date, start_date, id, description, image, title)
values ('2024-04-12', '2024-04-10', 1, 'Spring Sale Event', 'spring_sale.jpg', 'Spring Sale'),
       ('2024-04-14', '2024-04-12', 2, 'Summer Collection Launch', 'summer_collection.jpg', 'Summer Collection'),
       ('2024-04-16', '2024-04-14', 3, 'Back to School Deals', 'back_to_school.jpg', 'Back to School'),
       ('2024-04-18', '2024-04-16', 4, 'Fall Fashion Preview', 'fall_fashion.jpg', 'Fall Fashion'),
       ('2024-04-20', '2024-04-18', 5, 'Winter Wonderland Sale', 'winter_wonderland.jpg', 'Winter Wonderland'),
       ('2024-04-22', '2024-04-20', 6, 'New Year, New You', 'new_year_new_you.jpg', 'New Year, New You'),
       ('2024-04-24', '2024-04-22', 7, 'Valentine\s Day Specials', 'valentines_day.jpg', 'Valentine\s Day Specials'),
       ('2024-04-26', '2024-04-24', 8, 'Easter Eggstravaganza', 'easter_eggstravaganza.jpg', 'Easter Eggstravaganza'),
       ('2024-04-28', '2024-04-26', 9, 'Spring Cleaning Sale', 'spring_cleaning.jpg', 'Spring Cleaning Sale'),
       ('2024-04-30', '2024-04-28', 10, 'Mother\s Day Appreciation', 'mothers_day.jpg', 'Mother\s Day Appreciation'),
       ('2024-05-02', '2024-04-30', 11, 'Father\s Day Specials', 'fathers_day.jpg', 'Father\s Day Specials'),
       ('2024-05-04', '2024-05-02', 12, '4th of July Savings', '4th_of_july.jpg', '4th of July Savings'),
       ('2024-05-06', '2024-05-04', 13, 'Summer Vacation Essentials', 'summer_vacation.jpg',
        'Summer Vacation Essentials'),
       ('2024-05-08', '2024-05-06', 14, 'Back to School Tech Deals', 'back_to_school_tech.jpg',
        'Back to School Tech Deals'),
       ('2024-05-10', '2024-05-08', 15, 'Fall Home Decor Launch', 'fall_decor.jpg', 'Fall Home Decor Launch'),
       ('2024-05-12', '2024-05-10', 16, 'Winter Fashion Must-Haves', 'winter_fashion.jpg',
        'Winter Fashion Must-Haves'),
       ('2024-05-14', '2024-05-12', 17, 'Halloween Spooktacular', 'halloween_spooktacular.jpg',
        'Halloween Spooktacular'),
       ('2024-05-16', '2024-05-14', 18, 'Black Friday Blowout', 'black_friday.jpg', 'Black Friday Blowout'),
       ('2024-05-18', '2024-05-16', 19, 'Cyber Monday Madness', 'cyber_monday.jpg', 'Cyber Monday Madness'),
       ('2024-05-20', '2024-05-18', 20, 'Holiday Gift Guide', 'holiday_gift_guide.jpg', 'Holiday Gift Guide'),
       ('2024-05-22', '2024-05-20', 21, 'New Year\s Eve Countdown', 'new_years_eve.jpg', 'New Year\s Eve Countdown'),
       ('2024-05-24', '2024-05-22', 22, 'Winter Sports Gear Sale', 'winter_sports.jpg', 'Winter Sports Gear Sale'),
       ('2024-05-26', '2024-05-24', 23, 'Fitness Resolution Deals', 'fitness_resolution.jpg',
        'Fitness Resolution Deals'),
       ('2024-05-28', '2024-05-26', 24, 'Valentine\s Day Date Night', 'valentines_date_night.jpg',
        'Valentine\s Day Date Night'),
       ('2024-05-30', '2024-05-28', 25, 'Spring Break Travel Essentials', 'spring_break.jpg',
        'Spring Break Travel Essentials'),
       ('2024-06-01', '2024-05-30', 26, 'Mother\s Day Brunch Buffet', 'mothers_day_brunch.jpg',
        'Mother\s Day Brunch Buffet'),
       ('2024-06-03', '2024-06-01', 27, 'Father\s Day BBQ Supplies', 'fathers_day_bbq.jpg',
        'Father\s Day BBQ Supplies'),
       ('2024-06-05', '2024-06-03', 28, 'Independence Day Cookout', 'independence_day_cookout.jpg',
        'Independence Day Cookout'),
       ('2024-06-07', '2024-06-05', 29, 'Summer Solstice Sale', 'summer_solstice.jpg', 'Summer Solstice Sale'),
       ('2024-06-09', '2024-06-07', 30, 'Back to School Fashion', 'back_to_school_fashion.jpg',
        'Back to School Fashion'),
       ('2024-06-11', '2024-06-09', 31, 'Fall Harvest Celebration', 'fall_harvest.jpg', 'Fall Harvest Celebration'),
       ('2024-06-13', '2024-06-11', 32, 'Winter Wonderland Experience', 'winter_wonderland_experience.jpg',
        'Winter Wonderland Experience'),
       ('2024-06-15', '2024-06-13', 33, 'Halloween Costume Party', 'halloween_costume_party.jpg',
        'Halloween Costume Party'),
       ('2024-06-17', '2024-06-15', 34, 'Black Friday Early Access', 'black_friday_early_access.jpg',
        'Black Friday Early Access'),
       ('2024-06-19', '2024-06-17', 35, 'Cyber Monday Sneak Peek', 'cyber_monday_sneak_peek.jpg',
        'Cyber Monday Sneak Peek'),
       ('2024-06-21', '2024-06-19', 36, 'Holiday Season Kickoff', 'holiday_season_kickoff.jpg',
        'Holiday Season Kickoff'),
       ('2024-06-23', '2024-06-21', 37, 'New Year\s Day Brunch', 'new_years_day_brunch.jpg', 'New Year\s Day Brunch'),
       ('2024-06-25', '2024-06-23', 38, 'Winter Ski Trip Deals', 'winter_ski_trip.jpg', 'Winter Ski Trip Deals'),
       ('2024-06-27', '2024-06-25', 39, 'Fitness Resolution Kickoff', 'fitness_resolution_kickoff.jpg',
        'Fitness Resolution Kickoff'),
       ('2024-06-29', '2024-06-27', 40, 'Valentine\s Day Romantic Getaway', 'valentines_day_romantic_getaway.jpg',
        'Valentine\s Day Romantic Getaway'),
       ('2024-07-01', '2024-06-29', 41, 'Spring Cleaning Organization', 'spring_cleaning_organization.jpg',
        'Spring Cleaning Organization'),
       ('2024-07-03', '2024-07-01', 42, 'Mother\s Day Spa Retreat', 'mothers_day_spa_retreat.jpg',
        'Mother\s Day Spa Retreat'),
       ('2024-07-05', '2024-07-03', 43, 'Father\s Day Golf Outing', 'fathers_day_golf_outing.jpg',
        'Father\s Day Golf Outing'),
       ('2024-07-07', '2024-07-05', 44, 'Independence Day Fireworks Show', 'independence_day_fireworks.jpg',
        'Independence Day Fireworks Show'),
       ('2024-07-09', '2024-07-07', 45, 'Summer Music Festival', 'summer_music_festival.jpg', 'Summer Music Festival'),
       ('2024-07-11', '2024-07-09', 46, 'Back to School Stationery Sale', 'back_to_school_stationery.jpg',
        'Back to School Stationery Sale'),
       ('2024-07-13', '2024-07-11', 47, 'Fall Pumpkin Patch Adventure', 'fall_pumpkin_patch.jpg',
        'Fall Pumpkin Patch Adventure'),
       ('2024-07-15', '2024-07-13', 48, 'Winter Holiday Baking', 'winter_holiday_baking.jpg', 'Winter Holiday Baking'),
       ('2024-07-17', '2024-07-15', 49, 'Halloween Haunted House', 'halloween_haunted_house.jpg',
        'Halloween Haunted House'),
       ('2024-07-19', '2024-07-17', 50, 'Black Friday Doorbusters', 'black_friday_doorbusters.jpg',
        'Black Friday Doorbusters');

insert into orders(created_at, delivery_price, type_order, id, number, user_id, payment, status)
values ('2023-01-01', 1050, TRUE, 1, 12345, 50, 'PAYMENT_BY_CARD', 'PENDING'),
       ('2023-01-02', 2050, FALSE, 2, 23456, 49, 'UPON_RECEIPT_CARD', 'READY'),
       ('2023-01-03', 3050, TRUE, 3, 34567, 48, 'PAYMENT_BY_CARD', 'COURIER_ON_THE_WAY'),
       ('2023-01-04', 4050, FALSE, 4, 45678, 47, 'UPON_RECEIPT_CASH', 'DELIVERED'),
       ('2023-01-05', 5050, TRUE, 5, 56789, 46, 'PAYMENT_BY_CARD', 'RECEIVED'),
       ('2023-01-06', 6050, FALSE, 6, 67890, 45, 'UPON_RECEIPT_CARD', 'CANCELLED'),
       ('2023-01-07', 7050, TRUE, 7, 78901, 44, 'PAYMENT_BY_CARD', 'PENDING'),
       ('2023-01-08', 8050, FALSE, 8, 89012, 43, 'UPON_RECEIPT_CASH', 'READY'),
       ('2023-01-09', 9050, TRUE, 9, 90123, 42, 'PAYMENT_BY_CARD', 'COURIER_ON_THE_WAY'),
       ('2023-01-10', 10050, FALSE, 10, 10123, 41, 'UPON_RECEIPT_CARD', 'DELIVERED'),
       ('2023-01-11', 11050, TRUE, 11, 11123, 40, 'PAYMENT_BY_CARD', 'RECEIVED'),
       ('2023-01-12', 12050, FALSE, 12, 12123, 39, 'UPON_RECEIPT_CASH', 'CANCELLED'),
       ('2023-01-13', 13050, TRUE, 13, 13123, 38, 'PAYMENT_BY_CARD', 'PENDING'),
       ('2023-01-14', 14050, FALSE, 14, 14123, 37, 'UPON_RECEIPT_CARD', 'READY'),
       ('2023-01-15', 15050, TRUE, 15, 15123, 36, 'PAYMENT_BY_CARD', 'COURIER_ON_THE_WAY'),
       ('2023-01-16', 16050, FALSE, 16, 16123, 35, 'UPON_RECEIPT_CASH', 'DELIVERED'),
       ('2023-01-17', 17050, TRUE, 17, 17123, 34, 'PAYMENT_BY_CARD', 'RECEIVED'),
       ('2023-01-18', 18050, FALSE, 18, 18123, 33, 'UPON_RECEIPT_CARD', 'CANCELLED'),
       ('2023-01-19', 19050, TRUE, 19, 19123, 32, 'PAYMENT_BY_CARD', 'PENDING'),
       ('2023-01-20', 20050, FALSE, 20, 20123, 31, 'UPON_RECEIPT_CASH', 'READY'),
       ('2023-01-21', 21050, TRUE, 21, 21123, 30, 'PAYMENT_BY_CARD', 'COURIER_ON_THE_WAY'),
       ('2023-01-22', 22050, FALSE, 22, 22123, 29, 'UPON_RECEIPT_CARD', 'DELIVERED'),
       ('2023-01-23', 23050, TRUE, 23, 23123, 28, 'PAYMENT_BY_CARD', 'RECEIVED'),
       ('2023-01-24', 24050, FALSE, 24, 24123, 27, 'UPON_RECEIPT_CASH', 'CANCELLED'),
       ('2023-01-25', 25050, TRUE, 25, 25123, 26, 'PAYMENT_BY_CARD', 'PENDING'),
       ('2023-01-26', 26050, FALSE, 26, 26123, 25, 'UPON_RECEIPT_CARD', 'READY'),
       ('2023-01-27', 27050, TRUE, 27, 27123, 24, 'PAYMENT_BY_CARD', 'COURIER_ON_THE_WAY'),
       ('2023-01-28', 28050, FALSE, 28, 28123, 23, 'UPON_RECEIPT_CASH', 'DELIVERED'),
       ('2023-01-29', 29050, TRUE, 29, 29123, 22, 'PAYMENT_BY_CARD', 'RECEIVED'),
       ('2023-01-30', 30050, FALSE, 30, 30123, 21, 'UPON_RECEIPT_CARD', 'CANCELLED'),
       ('2023-01-31', 31050, TRUE, 31, 31123, 20, 'PAYMENT_BY_CARD', 'PENDING'),
       ('2023-02-01', 32050, FALSE, 32, 32123, 19, 'UPON_RECEIPT_CASH', 'READY'),
       ('2023-02-02', 33050, TRUE, 33, 33123, 18, 'PAYMENT_BY_CARD', 'COURIER_ON_THE_WAY'),
       ('2023-02-03', 34050, FALSE, 34, 34123, 17, 'UPON_RECEIPT_CARD', 'DELIVERED'),
       ('2023-02-04', 35050, TRUE, 35, 35123, 16, 'PAYMENT_BY_CARD', 'RECEIVED'),
       ('2023-02-05', 36050, FALSE, 36, 36123, 15, 'UPON_RECEIPT_CASH', 'CANCELLED'),
       ('2023-02-06', 37050, TRUE, 37, 37123, 14, 'PAYMENT_BY_CARD', 'PENDING'),
       ('2023-02-07', 38050, FALSE, 38, 38123, 13, 'UPON_RECEIPT_CARD', 'READY'),
       ('2023-02-08', 39050, TRUE, 39, 39123, 12, 'PAYMENT_BY_CARD', 'COURIER_ON_THE_WAY'),
       ('2023-02-09', 40050, FALSE, 40, 40123, 11, 'UPON_RECEIPT_CASH', 'DELIVERED'),
       ('2023-02-10', 41050, TRUE, 41, 41123, 10, 'PAYMENT_BY_CARD', 'RECEIVED'),
       ('2023-02-11', 42050, FALSE, 42, 42123, 9, 'UPON_RECEIPT_CARD', 'CANCELLED'),
       ('2023-02-12', 43050, TRUE, 43, 43123, 8, 'PAYMENT_BY_CARD', 'PENDING'),
       ('2023-02-13', 44050, FALSE, 44, 44123, 7, 'UPON_RECEIPT_CASH', 'READY'),
       ('2023-02-14', 45050, TRUE, 45, 45123, 6, 'PAYMENT_BY_CARD', 'COURIER_ON_THE_WAY'),
       ('2023-02-15', 46050, FALSE, 46, 46123, 5, 'UPON_RECEIPT_CARD', 'DELIVERED'),
       ('2023-02-16', 47050, TRUE, 47, 47123, 4, 'PAYMENT_BY_CARD', 'RECEIVED'),
       ('2023-02-17', 48050, FALSE, 48, 48123, 3, 'UPON_RECEIPT_CASH', 'CANCELLED'),
       ('2023-02-18', 49050, TRUE, 49, 49123, 2, 'PAYMENT_BY_CARD', 'PENDING'),
       ('2023-02-19', 50050, FALSE, 50, 50123, 1, 'UPON_RECEIPT_CARD', 'READY');

insert into sub_gadgets(count_sim, current_price, price, quantity, rating, gadget_id, id, main_colour, name_of_gadget)
values (1, 20000, 25000, 100, 1, 1, 1, 'black', 'iPhone 13 Pro Max'),
       (2, 20000, 25000, 100, 1, 2, 2, 'silver', 'Galaxy S20 FE'),
       (1, 20000, 25000, 100, 1, 3, 3, 'gold', 'WF-1000XM4'),
       (1, 20000, 25000, 100, 1, 4, 4, 'black', 'Mi 12 Ultra'),
       (1, 20000, 25000, 100, 1, 5, 5, 'white', 'Beoplay Portal'),
       (1, 20000, 25000, 100, 1, 6, 6, 'green', 'Elite 75t'),
       (1, 20000, 25000, 100, 1, 7, 7, 'black', 'Xperia 5 II'),
       (2, 17600, 22000, 120, 2, 8, 8, 'silver', 'iPhone 13 Pro'),
       (2, 14400, 18000, 150, 3, 9, 9, 'gold', 'iPhone 13'),
       (2, 12000, 15000, 200, 4, 10, 10, 'blue', 'iPhone 12 Mini'),
       (1, 16000, 20000, 180, 5, 11, 11, 'green', 'iPhone 12'),
       (1, 21000, 30000, 100, 1, 12, 12, 'black', 'Galaxy S22 Ultra'),
       (2, 19600, 28000, 120, 2, 13, 13, 'white', 'Galaxy S22 Plus'),
       (1, 17500, 25000, 150, 3, 14, 14, 'gray', 'Galaxy S22'),
       (2, 10500, 15000, 200, 4, 15, 15, 'blue', 'Galaxy S21'),
       (1, 12000, 12000, 250, 5, 16, 16, 'green', 'Galaxy S20 FE'),
       (2, 20000, 20000, 100, 1, 17, 17, 'black', 'Mi 12 Ultra'),
       (1, 18000, 18000, 120, 2, 18, 18, 'gray', 'Mi 12 Pro'),
       (2, 16000, 16000, 150, 3, 19, 19, 'blue', 'Mi 12'),
       (1, 12000, 12000, 200, 4, 20, 20, 'green', 'Mi 11 Ultra'),
       (2, 18000, 18000, 100, 1, 21, 21, 'black', 'MacBook Air'),
       (1, 16000, 16000, 120, 2, 22, 22, 'white', 'Dell XPS 13'),
       (2, 14000, 14000, 150, 3, 23, 23, 'gray', 'HP Spectre x360'),
       (1, 11000, 11000, 200, 4, 24, 24, 'blue', 'Lenovo ThinkPad X1 Carbon'),
       (2, 15000, 15000, 100, 1, 25, 25, 'black', 'ASUS ROG Zephyrus G14'),
       (1, 13000, 13000, 120, 2, 26, 26, 'white', 'Microsoft Surface Laptop 4'),
       (2, 11000, 11000, 150, 3, 27, 27, 'gray', 'Acer Swift 3'),
       (1, 25000, 25000, 100, 1, 29, 29, 'green', 'MacBook Pro'),
       (2, 22000, 22000, 120, 2, 30, 30, 'black', 'Google Pixelbook Go'),
       (2, 22000, 22000, 120, 2, 31, 31, 'silver', 'Beoplay H9 4th Gen'),
       (1, 20000, 20000, 150, 3, 32, 32, 'gold', 'Beoplay HX'),
       (1, 18000, 18000, 200, 4, 33, 33, 'blue', 'Beoplay Portal'),
       (2, 30000, 30000, 100, 1, 34, 34, 'black', 'AirPods Pro'),
       (1, 28000, 28000, 120, 2, 35, 35, 'white', 'AirPods (3rd Gen)'),
       (1, 25000, 25000, 150, 3, 36, 36, 'gray', 'AirPods Max'),
       (2, 15000, 15000, 200, 4, 37, 37, 'blue', 'Beats Studio Buds'),
       (1, 20000, 20000, 100, 1, 38, 38, 'black', 'Elite 85t'),
       (1, 18000, 18000, 120, 2, 39, 39, 'gray', 'Elite 75t'),
       (1, 16000, 16000, 150, 3, 40, 40, 'blue', 'Evolve2 65'),
       (2, 12000, 12000, 200, 4, 41, 41, 'green', 'Move Style Edition'),
       (1, 18000, 18000, 100, 1, 42, 42, 'black', 'WH-1000XM4'),
       (1, 16000, 16000, 120, 2, 43, 43, 'white', 'WH-1000XM3'),
       (1, 14000, 14000, 150, 3, 44, 44, 'gray', 'WF-1000XM4'),
       (1, 11000, 11000, 200, 4, 45, 45, 'blue', 'WF-1000XM3'),
       (2, 15000, 15000, 100, 1, 46, 46, 'black', 'Solo Pro'),
       (1, 13000, 13000, 120, 2, 47, 47, 'white', 'Solo3 Wireless'),
       (1, 11000, 11000, 150, 3, 48, 48, 'gray', 'Beats Flex'),
       (1, 9000, 9000, 200, 4, 49, 49, 'blue', 'Beats EP'),
       (1, 25000, 25000, 100, 1, 50, 50, 'black', 'Powerbeats Pro');

insert into sub_gadget_images(sub_gadget_id, images)
values (1, 'https://msk-apple.ru/image/cache/catalog/Add/13%20pro%20max/30059051bb-350x450.jpg'),
       (1, 'https://msk-apple.ru/image/cache/catalog/Add/13%20pro%20max/30059051bb1-350x450.jpg'),
       (1, 'https://msk-apple.ru/image/cache/catalog/Add/13%20pro%20max/30059051bb2-350x450.jpg'),
       (1, 'https://msk-apple.ru/image/cache/catalog/Add/13%20pro%20max/30059051bb3-350x450.jpg'),
       (1, 'https://msk-apple.ru/image/cache/catalog/Add/13%20pro%20max/30059051bb-350x450.jpg'),
       (1, 'https://msk-apple.ru/image/cache/catalog/Add/13%20pro%20max/30059051bb1-350x450.jpg'),
       (2, 'https://m.media-amazon.com/images/I/71uhwEmVcPL._AC_SL1500_.jpg'),
       (3, 'https://img.freepik.com/premium-photo/isolated-sony-wf-1000xm4-true-wireless-earbuds-front-view-white-b-white-background-clean_655090-801303.jpg?w=740'),
       (4, 'https://main-cdn.sbermegamarket.ru/big2/hlr-system/-20/172/809/321/129/185/3/100044879092b0.jpg'),
       (5, 'https://object.pscloud.io/cms/cms/Photo/img_0_83_1969_0_1.jpg'),
       (6, 'https://i.ebayimg.com/images/g/U9MAAOSwnlxkHm8s/s-l1600.jpg'),
       (7, 'https://www.sony.ru/image/42e7acd5e4e8451e3ded3219b30082d8?fmt=png-alpha&wid=480'),
       (8, 'https://my-apple.com.ua/image/cache/webp/catalog/products/iphone/iphone-13-pro-13-pro-max/silver-1-700x700.webp'),
       (9, 'https://case-place.ru/upload/cache/thumbnails/small/14350-9V000jaa3_33232887.jpg'),
       (10, 'https://object.pscloud.io/cms/cms/Photo/img_0_77_2653_0_1.jpg'),
       (11, 'https://m.media-amazon.com/images/I/51ugi3mMBgL.jpg'),
       (12, 'https://manikmobile.com/wp-content/uploads/2022/05/Untitled-design-75.png'),
       (13, 'https://object.pscloud.io/cms/cms/Photo/img_0_77_3398_3_1.jpg'),
       (14, 'https://softech.kg/image/cache/4b02ef0ed9a185e275b143679fbccd23.jpg'),
       (15, 'https://fishka.kg/image/cache/catalog/Products/Smartphone/Samsung/S21%20FE/01-1000x1000.jpg'),
       (16, 'https://object.pscloud.io/cms/cms/Photo/img_0_77_2577_6_1.jpg'),
       (17, 'https://login.kg/image/cache/catalog/new/Phones/Xiaomi/12S%20Ultra/xiaomi-12s-ultra-black-1-1200x800.jpg'),
       (18, 'https://object.pscloud.io/cms/cms/Photo/img_0_77_3549_0_1.jpg'),
       (19, 'https://mi-shop.kg/wp-content/uploads/2023/06/4hz276f4dp80b29mm000pidut1xs85bh.jpg'),
       (20, 'https://encrypted-tbn0.gstatic.com/images?q=tbn:ANd9GcSK9wtnvJgo8NIOPiezd_C4z3HTTJJvPwUwwtEUyiXe_w&s'),
       (21, 'https://i.pcmag.com/imagery/articles/02uDh0Egymd4gXTkIcD4uB9-5.fit_lim.size_1050x.jpg'),
       (22, 'https://liliputing.com/wp-content/uploads/2020/05/angle_02-628x500.jpg'),
       (23, 'https://www.litech.kg/storage/products/December2023/DKDDNUgEDAawwsRiDw9e.jpg'),
       (24, 'https://www.slickwraps.com/cdn/shop/products/lenovo-thinkpad-x1-carbon-gen-7-color-series-skins-slickwraps-2.jpg?v=1670608169'),
       (25, 'https://dlcdnwebimgs.asus.com/gain/A1433BAB-3BC8-40BF-965C-B3E95E59BC61/w1000/h732'),
       (26, 'https://belkcase.com/cdn/shop/products/Sf82004bf94ca4ce398bf43befd18d9feB.jpg?v=1673427063'),
       (27, 'https://object.pscloud.io/cms/cms/Photo/img_0_62_2993_0_6_MNySQR.png'),
       (29, 'https://stickietech.com/cdn/shop/products/1_4e9f5050-90af-4f5f-a815-d17890ef3b77.png?v=1655951468&width=2048'),
       (30, 'https://static.insales-cdn.com/images/products/1/6188/705394732/unnamed__4_.jpg'),
       (31, 'path_to_image_30'),
       (32, 'path_to_image_31'),
       (33, 'path_to_image_32'),
       (34, 'path_to_image_33'),
       (35, 'path_to_image_34'),
       (36, 'path_to_image_35'),
       (37, 'path_to_image_36'),
       (38, 'path_to_image_37'),
       (39, 'path_to_image_38'),
       (40, 'path_to_image_39'),
       (41, 'path_to_image_40'),
       (42, 'path_to_image_41'),
       (43, 'path_to_image_42'),
       (44, 'path_to_image_43'),
       (45, 'path_to_image_44'),
       (46, 'path_to_image_45'),
       (47, 'path_to_image_46'),
       (48, 'path_to_image_47'),
       (49, 'path_to_image_48');


insert into sub_gadget_characteristics(sub_gadget_id, characteristics, characteristics_key)
values (1, '6.7-inch Super Retina XDR display', 'Display'),
       (1, 'A15 Bionic chip', 'Processor'),
       (1,
        'Pro camera system with 12MP Wide, Ultra Wide, and Telephoto cameras; Night mode, Deep Fusion, Smart HDR 4, ProRAW, and 4K Dolby Vision HDR recording',
        'Camera'),
       (1, '5G capable', 'Connectivity'),
       (1, 'Water and dust resistant (6 meters for up to 30 minutes, IP68)', 'Waterproof'),
       (2, '6.1-inch Super Retina XDR display', 'Display'),
       (2, 'A15 Bionic chip', 'Processor'),
       (2,
        'Pro camera system with 12MP Wide, Ultra Wide, and Telephoto cameras; Night mode, Deep Fusion, Smart HDR 4, ProRAW, and 4K Dolby Vision HDR recording',
        'Camera'),
       (2, '5G capable', 'Connectivity'),
       (2, 'Water and dust resistant (6 meters for up to 30 minutes, IP68)', 'Waterproof'),
       (3, '6.1-inch Super Retina XDR display', 'Display'),
       (3, 'A15 Bionic chip', 'Processor'),
       (3,
        'Pro camera system with 12MP Wide, Ultra Wide, and Telephoto cameras; Night mode, Deep Fusion, Smart HDR 4, ProRAW, and 4K Dolby Vision HDR recording',
        'Camera'),
       (3, '5G capable', 'Connectivity'),
       (3, 'Water and dust resistant (6 meters for up to 30 minutes, IP68)', 'Waterproof'),
       (4, '5.4-inch Super Retina XDR display', 'Display'),
       (4, 'A15 Bionic chip', 'Processor'),
       (4,
        'Advanced dual-camera system with 12MP Ultra Wide and Wide cameras; Night mode, Deep Fusion, Smart HDR 4, and 4K Dolby Vision HDR recording',
        'Camera'),
       (4, '5G capable', 'Connectivity'),
       (4, 'Water and dust resistant (6 meters for up to 30 minutes, IP68)', 'Waterproof'),
       (5, '6.1-inch Super Retina XDR display', 'Display'),
       (5, 'A15 Bionic chip', 'Processor'),
       (5,
        'Advanced dual-camera system with 12MP Ultra Wide and Wide cameras; Night mode, Deep Fusion, Smart HDR 4, and 4K Dolby Vision HDR recording',
        'Camera'),
       (5, '5G capable', 'Connectivity'),
       (5, 'Water and dust resistant (6 meters for up to 30 minutes, IP68)', 'Waterproof'),
       (6, '6.8-inch Quad HD+ Dynamic AMOLED 2X Infinity-O display', 'Display'),
       (6, 'Exynos 2200 or Qualcomm Snapdragon 8 Gen 1 chipset', 'Processor'),
       (6,
        'Quad rear camera setup with 108MP main sensor, 12MP ultra-wide, 10MP 3x telephoto, and 10MP 10x telephoto lenses; 100x Space Zoom',
        'Camera'),
       (6, '5G capable', 'Connectivity'),
       (6, 'Water and dust resistant (1.5 meters for up to 30 minutes, IP68)', 'Waterproof'),
       (7, '6.6-inch Quad HD+ Dynamic AMOLED 2X Infinity-O display', 'Display'),
       (7, 'Exynos 2200 or Qualcomm Snapdragon 8 Gen 1 chipset', 'Processor'),
       (7,
        'Quad rear camera setup with 108MP main sensor, 12MP ultra-wide, 10MP 3x telephoto, and 10MP 10x telephoto lenses; 100x Space Zoom',
        'Camera'),
       (7, '5G capable', 'Connectivity'),
       (7, 'Water and dust resistant (1.5 meters for up to 30 minutes, IP68)', 'Waterproof'),
       (8, '6.2-inch Quad HD+ Dynamic AMOLED 2X Infinity-O display', 'Display'),
       (8, 'Exynos 2200 or Qualcomm Snapdragon 8 Gen 1 chipset', 'Processor'),
       (8,
        'Triple rear camera setup with 50MP main sensor, 12MP ultra-wide, and 12MP telephoto lenses; 100x Space Zoom',
        'Camera'),
       (8, '5G capable', 'Connectivity'),
       (8, 'Water and dust resistant (1.5 meters for up to 30 minutes, IP68)', 'Waterproof'),
       (9, '6.5-inch Quad HD+ Dynamic AMOLED 2X Infinity-O display', 'Display'),
       (9, 'Kirin 9000 or Qualcomm Snapdragon 8 Gen 1 chipset', 'Processor'),
       (9, 'Quad rear camera setup with 50MP main sensor, 40MP ultra-wide, 12MP telephoto, and 3D ToF lenses',
        'Camera'),
       (9, '5G capable', 'Connectivity'),
       (9, 'Water and dust resistant (1 meter for up to 30 minutes, IP68)', 'Waterproof'),
       (10, '6.5-inch Super AMOLED display', 'Display'),
       (10, 'Exynos 990 or Qualcomm Snapdragon 865 chipset', 'Processor'),
       (10, 'Triple rear camera setup with 12MP main sensor, 12MP ultra-wide, and 8MP telephoto lenses', 'Camera'),
       (10, '5G capable', 'Connectivity'),
       (10, 'Water and dust resistant (1.5 meters for up to 30 minutes, IP68)', 'Waterproof');

insert into discounts(end_date, percent, start_date, id, sub_gadget_id)
values ('2024-07-01', 20, '2024-04-01', 1, 1),
       ('2024-02-02', 20, '2024-01-02', 2, 3),
       ('2024-08-01', 20, '2024-05-01', 3, 2),
       ('2024-03-02', 20, '2024-02-02', 4, 4),
       ('2024-09-01', 20, '2024-06-01', 5, 5),
       ('2024-04-02', 30, '2024-03-02', 6, 6),
       ('2024-10-01', 30, '2024-07-01', 7, 7),
       ('2024-05-02', 30, '2024-04-02', 8, 8),
       ('2024-11-01', 30, '2024-08-01', 9, 9);


insert into feedbacks(rating, date_and_time, gadget_id, id, user_id, description, response_admin)
values (5, '2024-12-12', 6, 1, 7, 'is a best', null),
       (4, now(), 7, 2, 8, 'good quality', null),
       (3, now(), 8, 3, 9, 'excellent performance', null),
       (5, now(), 9, 4, 10, 'very satisfied', null),
       (4, now(), 10, 5, 11, 'fast delivery', null),
       (1, now(), 11, 6, 12, 'not satisfied',
        'We apologize for the inconvenience. Please contact our support team for assistance.'),
       (5, now(), 12, 7, 13, 'great product', null),
       (4, now(), 13, 8, 14, 'easy to use', null),
       (3, now(), 14, 9, 15, 'good battery life', null),
       (5, now(), 15, 10, 16, 'highly recommend', null),
       (4, now(), 16, 11, 17, 'excellent value', null),
       (1, now(), 17, 12, 18, 'not satisfied',
        'We apologize for the inconvenience. Please contact our support team for assistance.'),
       (5, now(), 18, 13, 19, 'fast shipping', null),
       (4, now(), 19, 14, 20, 'good price', null),
       (3, now(), 20, 15, 21, 'nice build quality', null),
       (5, now(), 21, 16, 22, 'excellent service', null),
       (4, now(), 22, 17, 23, 'responsive support', null),
       (1, now(), 23, 18, 24, 'not satisfied',
        'We apologize for the inconvenience. Please contact our support team for assistance.'),
       (5, now(), 24, 19, 25, 'perfect condition', null),
       (4, now(), 25, 20, 26, 'smooth transaction', null),
       (3, now(), 26, 21, 27, 'quick response', null),
       (5, now(), 27, 22, 28, 'reliable seller', null),
       (1, now(), 29, 24, 30, 'not satisfied',
        'We apologize for the inconvenience. Please contact our support team for assistance.'),
       (5, now(), 30, 25, 31, 'accurate description', null),
       (4, now(), 31, 26, 32, 'fast shipping', null),
       (3, now(), 32, 27, 33, 'responsive seller', null),
       (5, now(), 33, 28, 34, 'great product', null),
       (4, now(), 34, 29, 35, 'smooth transaction', null),
       (1, now(), 35, 30, 36, 'not satisfied',
        'We apologize for the inconvenience. Please contact our support team for assistance.'),
       (5, now(), 36, 31, 37, 'excellent service', null),
       (4, now(), 37, 32, 38, 'responsive support', null),
       (3, now(), 38, 33, 39, 'great experience', null),
       (5, now(), 39, 34, 40, 'perfect condition', null),
       (4, now(), 40, 35, 41, 'smooth transaction', null),
       (1, now(), 41, 36, 42, 'not satisfied',
        'We apologize for the inconvenience. Please contact our support team for assistance.'),
       (5, now(), 42, 37, 43, 'reliable seller', null),
       (4, now(), 43, 38, 44, 'excellent communication', null),
       (3, now(), 44, 39, 45, 'good packaging', null),
       (5, now(), 45, 40, 46, 'accurate description', null),
       (4, now(), 46, 41, 47, 'fast shipping', null),
       (1, now(), 47, 42, 48, 'not satisfied',
        'We apologize for the inconvenience. Please contact our support team for assistance.'),
       (5, now(), 48, 43, 49, 'great product', null),
       (4, now(), 49, 44, 50, 'smooth transaction', null),
       (3, now(), 50, 45, 50, 'good packaging', null),
       (3, NOW(), 49, 46, 23, 'fast delivery', null),
       (5, NOW(), 50, 47, 36, 'excellent service', null),
       (4, NOW(), 43, 48, 32, 'responsive support', null),
       (1, NOW(), 22, 49, 10, 'not satisfied',
        'We apologize for the inconvenience. Please contact our support team for assistance.'),
       (5, NOW(), 43, 50, 43, 'perfect condition', null);

insert into feedback_images
values (1, 'https://s3.amazonaws.com/yourbucket/feedback_images/image1.png'),
       (2, 'https://s3.amazonaws.com/yourbucket/feedback_images/image2.png'),
       (3, 'https://s3.amazonaws.com/yourbucket/feedback_images/image3.png'),
       (4, 'https://s3.amazonaws.com/yourbucket/feedback_images/image4.png'),
       (5, 'https://s3.amazonaws.com/yourbucket/feedback_images/image5.png'),
       (6, 'https://s3.amazonaws.com/yourbucket/feedback_images/image6.png'),
       (7, 'https://s3.amazonaws.com/yourbucket/feedback_images/image7.png'),
       (8, 'https://s3.amazonaws.com/yourbucket/feedback_images/image8.png'),
       (9, 'https://s3.amazonaws.com/yourbucket/feedback_images/image9.png'),
       (10, 'https://s3.amazonaws.com/yourbucket/feedback_images/image10.png'),
       (11, 'https://s3.amazonaws.com/yourbucket/feedback_images/image11.png'),
       (12, 'https://s3.amazonaws.com/yourbucket/feedback_images/image12.png'),
       (13, 'https://s3.amazonaws.com/yourbucket/feedback_images/image13.png'),
       (14, 'https://s3.amazonaws.com/yourbucket/feedback_images/image14.png'),
       (15, 'https://s3.amazonaws.com/yourbucket/feedback_images/image15.png'),
       (16, 'https://s3.amazonaws.com/yourbucket/feedback_images/image16.png'),
       (17, 'https://s3.amazonaws.com/yourbucket/feedback_images/image17.png'),
       (18, 'https://s3.amazonaws.com/yourbucket/feedback_images/image18.png'),
       (19, 'https://s3.amazonaws.com/yourbucket/feedback_images/image19.png'),
       (20, 'https://s3.amazonaws.com/yourbucket/feedback_images/image20.png'),
       (21, 'https://s3.amazonaws.com/yourbucket/feedback_images/image21.png'),
       (22, 'https://s3.amazonaws.com/yourbucket/feedback_images/image22.png'),
       (24, 'https://s3.amazonaws.com/yourbucket/feedback_images/image24.png'),
       (25, 'https://s3.amazonaws.com/yourbucket/feedback_images/image25.png'),
       (26, 'https://s3.amazonaws.com/yourbucket/feedback_images/image26.png'),
       (27, 'https://s3.amazonaws.com/yourbucket/feedback_images/image27.png'),
       (28, 'https://s3.amazonaws.com/yourbucket/feedback_images/image28.png'),
       (29, 'https://s3.amazonaws.com/yourbucket/feedback_images/image29.png'),
       (30, 'https://s3.amazonaws.com/yourbucket/feedback_images/image30.png'),
       (31, 'https://s3.amazonaws.com/yourbucket/feedback_images/image31.png'),
       (32, 'https://s3.amazonaws.com/yourbucket/feedback_images/image32.png'),
       (33, 'https://s3.amazonaws.com/yourbucket/feedback_images/image33.png'),
       (34, 'https://s3.amazonaws.com/yourbucket/feedback_images/image34.png'),
       (35, 'https://s3.amazonaws.com/yourbucket/feedback_images/image35.png'),
       (36, 'https://s3.amazonaws.com/yourbucket/feedback_images/image36.png'),
       (37, 'https://s3.amazonaws.com/yourbucket/feedback_images/image37.png'),
       (38, 'https://s3.amazonaws.com/yourbucket/feedback_images/image38.png'),
       (39, 'https://s3.amazonaws.com/yourbucket/feedback_images/image39.png'),
       (40, 'https://s3.amazonaws.com/yourbucket/feedback_images/image40.png'),
       (41, 'https://s3.amazonaws.com/yourbucket/feedback_images/image41.png'),
       (42, 'https://s3.amazonaws.com/yourbucket/feedback_images/image42.png'),
       (43, 'https://s3.amazonaws.com/yourbucket/feedback_images/image43.png'),
       (44, 'https://s3.amazonaws.com/yourbucket/feedback_images/image44.png'),
       (45, 'https://s3.amazonaws.com/yourbucket/feedback_images/image45.png'),
       (46, 'https://s3.amazonaws.com/yourbucket/feedback_images/image46.png'),
       (47, 'https://s3.amazonaws.com/yourbucket/feedback_images/image47.png'),
       (48, 'https://s3.amazonaws.com/yourbucket/feedback_images/image48.png'),
       (49, 'https://s3.amazonaws.com/yourbucket/feedback_images/image49.png'),
       (50, 'https://s3.amazonaws.com/yourbucket/feedback_images/image50.png');

insert into sub_gadget_char_name (char_name_key, sub_gadget_id, char_name)
values
    (60, 1, ''),
    (67, 1, 'Основная камера'),
    (71, 1, 'Другое'),
    (64, 1, 'Память'),
    (65, 1, 'Программное обеспечение'),
    (62, 1, 'Дизайн и корпус'),
    (69, 1, 'Коммуникации'),
    (70, 1, 'Звук'),
    (61, 1, 'Экран'),
    (63, 1, 'Производительность'),
    (68, 1, 'Фронтальная камера'),
    (66, 1, 'Батарея');

insert into char_values (id)
values
    (60),
    (61),
    (62),
    (63),
    (64),
    (65),
    (66),
    (67),
    (68),
    (69),
    (70),
    (71);

INSERT INTO char_value_values (char_value_id, values, values_key)
VALUES
    (61, 'OLED', 'Тип'),
    (61, '6.7 дюймов', 'Размер'),
    (61, '1284 x 2778 пикселей', 'Разрешение'),
    (61, '19.5:9', 'Соотношение сторон'),
    (61, '458 точек на дюйм', 'Плотность пикселей'),
    (61, '120 Гц', 'Частота обновления'),
    (61, 'Да (10-120 Гц)', 'Адаптивная частота обновления'),
    (61, '1000 нит', 'Макс. заявленная яркость'),
    (61, '1200 нит', 'Макс. заявленная яркость в HDR'),
    (61, 'Да, Dolby Vision', 'Поддержка HDR'),
    (61, 'Ceramic Shield', 'Защита дисплея'),
    (61, '87.7%', 'Соотношение экрана к корпусу'),
    (61, '- DCI-P3', 'Особенности'),
    (61, '99.9%', 'Цветовой охват sRGB'),
    (61, '238 Гц', 'ШИМ (PWM)'),
    (61, '8.5 мс', 'Время отклика'),
    (61, '∞ Бесконечная', 'Контрастность'),
    (62, '160.8 мм', 'Высота'),
    (62, '78.1 мм', 'Ширина'),
    (62, '7.65 мм', 'Толщина'),
    (62, '240 граммов', 'Вес'),
    (62, 'IP68', 'Водонепроницаемость'),
    (62, 'Стекло', 'Материал задней панели'),
    (62, 'Металл', 'Материал рамки'),
    (62, 'Черный, Серебристый, Золотистый, Синий, Зеленый', 'Доступные цвета'),
    (62, 'Нет', 'Сканер отпечатков пальцев'),
    (63, 'Apple A15 Bionic', 'Чипсет'),
    (63, '3230 МГц', 'Макс. частота'),
    (63, '6 (2 + 4)', 'CPU-ядер'),
    (63, '- 4 ядра по 2.02 ГГц: Blizzard - 2 ядра по 3.23 ГГц: Avalanche', 'Архитектура'),
    (63, 'TSMC', 'Производство'),
    (63, '5 нанометров', 'Размер транзистора'),
    (63, 'Apple Neural Engine', 'Нейронный процессор'),
    (63, 'Apple A15 GPU', 'Графика'),
    (63, '640', 'GPU-ядер'),
    (63, '1338 МГц', 'Частота GPU'),
    (63, '~1712.6 Гфлопс', 'FLOPS'),
    (63, '321373', 'CPU'),
    (63, '428561', 'GPU'),
    (63, '124388', 'Memory'),
    (63, '321780', 'UX'),
    (63, '1306102', 'Total score'),
    (63, '45.8 °C', 'Пиковая температура корпуса'),
    (63, '82%', 'Stability'),
    (63, '56 FPS', 'Graphics test'),
    (63, '9444', 'Graphics score'),
    (64, '6 ГБ', 'Объем ОЗУ'),
    (64, 'LPDDR4X', 'Тип памяти'),
    (64, '2133 МГц', 'Частота памяти'),
    (64, '2', 'Количество каналов'),
    (64, '128, 256, 512, 1024 ГБ', 'Объем накопителя'),
    (64, 'NVMe', 'Тип накопителя'),
    (64, 'Нет', 'Карта памяти'),
    (65, 'iOS 15 (С обновлением до iOS 17.4)', 'Операционная система'),
    (65, '13 ГБ', 'Размер системы из коробки'),
    (66, '4352 мАч', 'Объем'),
    (66, '23 Вт', 'Макс. мощность зарядки'),
    (66, 'Литий-ионный (Li-Ion)', 'Тип аккумулятора'),
    (66, 'Нет', 'Съемный'),
    (66, 'Да (7.5 Вт)', 'Беспроводная зарядка'),
    (66, 'Нет', 'Реверсивная зарядка'),
    (66, 'Да (42% за 30 минут)', 'Быстрая зарядка'),
    (66, '1:46 ч.', 'Время полной зарядки'),
    (66, '11:16 ч.', 'Веб-серфинг'),
    (66, '17:03 ч.', 'Просмотр видео'),
    (66, '6:41 ч.', 'Игры'),
    (66, '136 ч.', 'Режим ожидания'),
    (67, '12 мегапикселей', 'Матрица'),
    (67, '12 MP', 'Разрешение фото'),
    (67, 'Оптический, 3x', 'Зум'),
    (67, 'Dual LED', 'Вспышка'),
    (67, 'Цифровая', 'Стабилизация'),
    (67, 'Нет', 'Запись 8K видео'),
    (67, 'До 60 кадров/c', 'Запись 4K видео'),
    (67, 'До 60 кадров/c', 'Запись 1080p видео'),
    (67, '240 кадров/c (1080p)', 'Замедленная съемка'),
    (67, '120°', 'Угол широкоугольного объектива'),
    (67, '1) Standard: 12 MP 2) Telephoto: 12 MP 3) Ultrawide: 12 MP 4) Depth', 'Количество объективов'),
    (67, 'Эффект "боке" - Режим "Pro" - Поддержка RAW', 'Особенности'),
    (67, 'f/1.8', 'Апертура'),
    (67, '13 mm', 'Фокусное расстояние'),
    (67, 'Sony IMX772', 'Сенсор'),
    (67, '1/1.66"', 'Размер сенсора'),
    (67, '1 micron', 'Размер пикселя'),
    (67, 'Фазовый автофокус (Dual Pixel)', 'Автофокус'),
    (67, '75', 'Bokeh'),
    (67, '81', 'Preview'),
    (67, '119', 'Zoom'),
    (67, 'Примеры фото Apple iPhone 13 Pro Max от DxOMark', 'Примеры'),
    (68, '12 мегапикселей', 'Количество мегапикселей'),
    (68, '4032 x 3024', 'Разрешение фото'),
    (68, 'f/2.2', 'Апертура'),
    (68, '23 мм', 'Фокусное расстояние'),
    (68, 'Sony IMX514', 'Сенсор'),
    (68, '1/3.6"', 'Размер сенсора'),
    (68, '1 микрон', 'Размер пикселя'),
    (68, 'Фазовый автофокус (Dual Pixel)', 'Автофокус'),
    (68, 'Цифровая', 'Стабилизация'),
    (68, '2160p (4K) при 60 FPS', 'Разрешение видео'),
    (68, 'Да', 'Датчик глубины (TOF 3D)'),
    (68, '128', 'Photo'),
    (68, '143', 'Video'),
    (69, 'Wi-Fi 6 (802.11 a/b/g/n/ac/ax)', 'Версия Wi-Fi'),
    (69, 'Dual Band - Wi-Fi MiMO - Wi-Fi Direct - Wi-Fi Hotspot - Wi-Fi Display', 'Функции Wi-Fi'),
    (69, '5', 'Версия Bluetooth'),
    (69, 'LE, A2DP', 'Функции Bluetooth'),
    (69, '2', 'Версия USB'),
    (69, 'Зарядка - Режим USB-накопителя - OTG', 'Функции USB'),
    (69, 'GPS, GLONASS, Beidou, Galileo, QZSS', 'GPS'),
    (69, 'Да', 'NFC*'),
    (69, 'Нет', 'Инфракрасный порт'),
    (69, '1', 'Количество SIM*'),
    (69, 'Nano', 'Тип SIM'),
    (69, 'Да', 'Поддержка eSIM*'),
    (69, 'Нет', 'Гибридный слот'),
    (69, '18', 'LTE Cat*'),
    (69, 'GSM/EDGE 850, 900, 1800, 1900 MHz', '2G сети'),
    (69, 'UMTS 850, 900, 1700/2100, 1900, 2100 MHz', '3G сети'),
    (69, 'LTE 1, 2, 3, 4, 5, 7, 8, 11, 12, 13, 14, 17, 18, 19, 20, 21, 25, 26, 28, 29, 30, 32, 66, 71', '4G сети'),
    (69, 'Да', 'Поддержка 5G'),
    (70, 'Стерео', 'Динамики'),
    (70, 'Нет', '3.5 мм аудио порт'),
    (70, 'Нет', 'FM-Радио'),
    (70, 'Да', 'Dolby Atmos'),
    (71, 'Флагман', 'Класс'),
    (71, 'Сентябрь 2021 года', 'Дата выхода'),
    (71, 'Сентябрь 2021 года', 'Дата начала продаж'),
    (71, '0.99 Вт/кг', 'Уровень излучения SAR для головы'),
    (71, '0.98 Вт/кг', 'Уровень излучения SAR для тела'),
    (71, '- Барометр - Датчик приближения - Гироскоп - Акселерометр - Датчик света - Компас - Сканер распознавания лица', 'Сенсоры и датчики');

